Workbook

Sheet 1. Data Input
A1: SISTEM PENDUKUNG KEPUTUSAN - FUZZY AHP
A2: Spreadsheet Interaktif untuk Validasi Perhitungan
A4: DATA KEGIATAN
A5: Nama Kegiatan: | B5: Raimuna Daerah
A6: Tanggal: | B6: 25 Januari 2026
A7: Kuota Peserta: | B7: 5
A9: DAFTAR KRITERIA PENILAIAN
A10: Kode | B10: Nama Kriteria | C10: Bobot (dari Sheet 2)
A11: K1 | B11: Status Keaktifan di Gugus Depan | C11: ='2. Bobot Kriteria'!I6
A12: K2 | B12: Pencapaian SKU | C12: ='2. Bobot Kriteria'!I7
A13: K3 | B13: Pencapaian SPG | C13: ='2. Bobot Kriteria'!I8
A14: K4 | B14: Kesehatan Jasmani dan Rohani | C14: ='2. Bobot Kriteria'!I9
A15: K5 | B15: Tes Wawancara | C15: ='2. Bobot Kriteria'!I10
A16: K6 | B16: Tes Pilihan Ganda | C16: ='2. Bobot Kriteria'!I11
A18: DAFTAR PESERTA
A19: No | B19: Nama Peserta | C19: Asal
A20: 1 | B20: David Kulian | C20: Merauke
A21: 2 | B21: Siti Aminah | C21: Jayapura
A22: 3 | B22: Budi Santoso | C22: Sorong
A23: 4 | B23: Dewi Lestari | C23: Manokwari
A24: 5 | B24: Ahmad Fauzi | C24: Biak
A25: 6
A26: 7
A27: 8
A28: 9
A29: 10

Sheet 2. Bobot Kriteria
A1: PERHITUNGAN BOBOT KRITERIA - FUZZY AHP
A2: Masukkan nilai perbandingan berpasangan (1-9) di sel KUNING
A4: MATRIKS PERBANDINGAN BERPASANGAN (CRISP)
A5: Kriteria | B5: K1 | C5: K2 | D5: K3 | E5: K4 | F5: K5 | G5: K6 | H5: GM | I5: Bobot (Wi)
A6: K1 | B6: 1 | C6: 1 | D6: 1 | E6: 1 | F6: 1 | G6: 1 | H6: =(B6*C6*D6*E6*F6*G6)^(1/6) | I6: =H6/$H$12
A7: K2 | B7: =1/C6 | C7: 1 | D7: 1 | E7: 1 | F7: 1 | G7: 1 | H7: =(B7*C7*D7*E7*F7*G7)^(1/6) | I7: =H7/$H$12
A8: K3 | B8: =1/D6 | C8: =1/D7 | D8: 1 | E8: 1 | F8: 1 | G8: 1 | H8: =(B8*C8*D8*E8*F8*G8)^(1/6) | I8: =H8/$H$12
A9: K4 | B9: =1/E6 | C9: =1/E7 | D9: =1/E8 | E9: 1 | F9: 1 | G9: 1 | H9: =(B9*C9*D9*E9*F9*G9)^(1/6) | I9: =H9/$H$12
A10: K5 | B10: =1/F6 | C10: =1/F7 | D10: =1/F8 | E10: =1/F9 | F10: 1 | G10: 1 | H10: =(B10*C10*D10*E10*F10*G10)^(1/6) | I10: =H10/$H$12
A11: K6 | B11: =1/G6 | C11: =1/G7 | D11: =1/G8 | E11: =1/G9 | F11: =1/G10 | G11: 1 | H11: =(B11*C11*D11*E11*F11*G11)^(1/6) | I11: =H11/$H$12
G12: Total: | H12: =SUM(H6:H11) | I12: =SUM(I6:I11)
A14: UJI KONSISTENSI
A15: Kriteria | B15: A*w | C15: (A*w)/w
A16: K1 | B16: =B6*$I$6+C6*$I$7+D6*$I$8+E6*$I$9+F6*$I$10+G6*$I$11 | C16: =B16/$I$6
A17: K2 | B17: =B7*$I$6+C7*$I$7+D7*$I$8+E7*$I$9+F7*$I$10+G7*$I$11 | C17: =B17/$I$7
A18: K3 | B18: =B8*$I$6+C8*$I$7+D8*$I$8+E8*$I$9+F8*$I$10+G8*$I$11 | C18: =B18/$I$8
A19: K4 | B19: =B9*$I$6+C9*$I$7+D9*$I$8+E9*$I$9+F9*$I$10+G9*$I$11 | C19: =B19/$I$9
A20: K5 | B20: =B10*$I$6+C10*$I$7+D10*$I$8+E10*$I$9+F10*$I$10+G10*$I$11 | C20: =B20/$I$10
A21: K6 | B21: =B11*$I$6+C11*$I$7+D11*$I$8+E11*$I$9+F11*$I$10+G11*$I$11 | C21: =B21/$I$11
A23: Lambda Max: | B23: =AVERAGE(C16:C21)
A24: CI: | B24: =(B23-6)/5
A25: RI (n=6): | B25: 1.24
A26: CR: | B26: =B24/B25
A27: Status: | B27: =IF(B26<=0.1,"KONSISTEN","TIDAK KONSISTEN")

Sheet 3. Nilai Peserta
A1: INPUT NILAI PESERTA PER KRITERIA
A2: Masukkan nilai 0-100 untuk setiap kriteria di sel KUNING
A4: NILAI PESERTA
A5: No | B5: Nama Peserta | C5: K1 | D5: K2 | E5: K3 | F5: K4 | G5: K5 | H5: K6
A6: 1 | B6: ='1. Data Input'!B20 | C6: 85 | D6: 90 | E6: 88 | F6: 92 | G6: 87 | H6: 85
A7: 2 | B7: ='1. Data Input'!B21 | C7: 78 | D7: 85 | E7: 82 | F7: 88 | G7: 80 | H7: 78
A8: 3 | B8: ='1. Data Input'!B22 | C8: 92 | D8: 88 | E8: 90 | F8: 85 | G8: 88 | H8: 90
A9: 4 | B9: ='1. Data Input'!B23 | C9: 80 | D9: 82 | E9: 85 | F9: 90 | G9: 82 | H9: 80
A10: 5 | B10: ='1. Data Input'!B24 | C10: 88 | D10: 92 | E10: 87 | F10: 80 | G10: 90 | H10: 88
A11: 6 | B11: ='1. Data Input'!B25 | C11: 0 | D11: 0 | E11: 0 | F11: 0 | G11: 0 | H11: 0
A12: 7 | B12: ='1. Data Input'!B26 | C12: 0 | D12: 0 | E12: 0 | F12: 0 | G12: 0 | H12: 0
A13: 8 | B13: ='1. Data Input'!B27 | C13: 0 | D13: 0 | E13: 0 | F13: 0 | G13: 0 | H13: 0
A14: 9 | B14: ='1. Data Input'!B28 | C14: 0 | D14: 0 | E14: 0 | F14: 0 | G14: 0 | H14: 0
A15: 10 | B15: ='1. Data Input'!B29 | C15: 0 | D15: 0 | E15: 0 | F15: 0 | G15: 0 | H15: 0

Sheet 4. Hasil & Ranking
A1: PERHITUNGAN SKOR AKHIR & RANKING
A2: Skor Akhir = Σ (Nilai × Bobot)
A4: BOBOT KRITERIA (dari Sheet 2)
A5: K1 | B5: K2 | C5: K3 | D5: K4 | E5: K5 | F5: K6
A6: ='2. Bobot Kriteria'!I6 | B6: ='2. Bobot Kriteria'!I7 | C6: ='2. Bobot Kriteria'!I8 | D6: ='2. Bobot Kriteria'!I9 | E6: ='2. Bobot Kriteria'!I10 | F6: ='2. Bobot Kriteria'!I11
A8: PERHITUNGAN SKOR AKHIR
A9: No | B9: Nama Peserta | C9: K1×W1 | D9: K2×W2 | E9: K3×W3 | F9: K4×W4 | G9: K5×W5 | H9: K6×W6 | I9: Skor Akhir | J9: Ranking
A10: 1 | B10: ='1. Data Input'!B20 | C10: ='3. Nilai Peserta'!C6*$A$6 | D10: ='3. Nilai Peserta'!D6*$B$6 | E10: ='3. Nilai Peserta'!E6*$C$6 | F10: ='3. Nilai Peserta'!F6*$D$6 | G10: ='3. Nilai Peserta'!G6*$E$6 | H10: ='3. Nilai Peserta'!H6*$F$6 | I10: =SUM(C10:H10) | J10: =IF(B10="","",RANK(I10,$I$10:$I$19,0))
A11: 2 | B11: ='1. Data Input'!B21 | C11: ='3. Nilai Peserta'!C7*$A$6 | D11: ='3. Nilai Peserta'!D7*$B$6 | E11: ='3. Nilai Peserta'!E7*$C$6 | F11: ='3. Nilai Peserta'!F7*$D$6 | G11: ='3. Nilai Peserta'!G7*$E$6 | H11: ='3. Nilai Peserta'!H7*$F$6 | I11: =SUM(C11:H11) | J11: =IF(B11="","",RANK(I11,$I$10:$I$19,0))
A12: 3 | B12: ='1. Data Input'!B22 | C12: ='3. Nilai Peserta'!C8*$A$6 | D12: ='3. Nilai Peserta'!D8*$B$6 | E12: ='3. Nilai Peserta'!E8*$C$6 | F12: ='3. Nilai Peserta'!F8*$D$6 | G12: ='3. Nilai Peserta'!G8*$E$6 | H12: ='3. Nilai Peserta'!H8*$F$6 | I12: =SUM(C12:H12) | J12: =IF(B12="","",RANK(I12,$I$10:$I$19,0))
A13: 4 | B13: ='1. Data Input'!B23 | C13: ='3. Nilai Peserta'!C9*$A$6 | D13: ='3. Nilai Peserta'!D9*$B$6 | E13: ='3. Nilai Peserta'!E9*$C$6 | F13: ='3. Nilai Peserta'!F9*$D$6 | G13: ='3. Nilai Peserta'!G9*$E$6 | H13: ='3. Nilai Peserta'!H9*$F$6 | I13: =SUM(C13:H13) | J13: =IF(B13="","",RANK(I13,$I$10:$I$19,0))
A14: 5 | B14: ='1. Data Input'!B24 | C14: ='3. Nilai Peserta'!C10*$A$6 | D14: ='3. Nilai Peserta'!D10*$B$6 | E14: ='3. Nilai Peserta'!E10*$C$6 | F14: ='3. Nilai Peserta'!F10*$D$6 | G14: ='3. Nilai Peserta'!G10*$E$6 | H14: ='3. Nilai Peserta'!H10*$F$6 | I14: =SUM(C14:H14) | J14: =IF(B14="","",RANK(I14,$I$10:$I$19,0))
A15: 6 | B15: ='1. Data Input'!B25 | C15: ='3. Nilai Peserta'!C11*$A$6 | D15: ='3. Nilai Peserta'!D11*$B$6 | E15: ='3. Nilai Peserta'!E11*$C$6 | F15: ='3. Nilai Peserta'!F11*$D$6 | G15: ='3. Nilai Peserta'!G11*$E$6 | H15: ='3. Nilai Peserta'!H11*$F$6 | I15: =SUM(C15:H15) | J15: =IF(B15="","",RANK(I15,$I$10:$I$19,0))
A16: 7 | B16: ='1. Data Input'!B26 | C16: ='3. Nilai Peserta'!C12*$A$6 | D16: ='3. Nilai Peserta'!D12*$B$6 | E16: ='3. Nilai Peserta'!E12*$C$6 | F16: ='3. Nilai Peserta'!F12*$D$6 | G16: ='3. Nilai Peserta'!G12*$E$6 | H16: ='3. Nilai Peserta'!H12*$F$6 | I16: =SUM(C16:H16) | J16: =IF(B16="","",RANK(I16,$I$10:$I$19,0))
A17: 8 | B17: ='1. Data Input'!B27 | C17: ='3. Nilai Peserta'!C13*$A$6 | D17: ='3. Nilai Peserta'!D13*$B$6 | E17: ='3. Nilai Peserta'!E13*$C$6 | F17: ='3. Nilai Peserta'!F13*$D$6 | G17: ='3. Nilai Peserta'!G13*$E$6 | H17: ='3. Nilai Peserta'!H13*$F$6 | I17: =SUM(C17:H17) | J17: =IF(B17="","",RANK(I17,$I$10:$I$19,0))
A18: 9 | B18: ='1. Data Input'!B28 | C18: ='3. Nilai Peserta'!C14*$A$6 | D18: ='3. Nilai Peserta'!D14*$B$6 | E18: ='3. Nilai Peserta'!E14*$C$6 | F18: ='3. Nilai Peserta'!F14*$D$6 | G18: ='3. Nilai Peserta'!G14*$E$6 | H18: ='3. Nilai Peserta'!H14*$F$6 | I18: =SUM(C18:H18) | J18: =IF(B18="","",RANK(I18,$I$10:$I$19,0))
A19: 10 | B19: ='1. Data Input'!B29 | C19: ='3. Nilai Peserta'!C15*$A$6 | D19: ='3. Nilai Peserta'!D15*$B$6 | E19: ='3. Nilai Peserta'!E15*$C$6 | F19: ='3. Nilai Peserta'!F15*$D$6 | G19: ='3. Nilai Peserta'!G15*$E$6 | H19: ='3. Nilai Peserta'!H15*$F$6 | I19: =SUM(C19:H19) | J19: =IF(B19="","",RANK(I19,$I$10:$I$19,0))
A22: HASIL RANKING FINAL
A23: Ranking | B23: Nama Peserta | C23: Skor Akhir | D23: Status
A24: 1 | B24: =IFERROR(INDEX(B10:B19,MATCH(1,J10:J19,0)),"") | C24: =IFERROR(INDEX(I10:I19,MATCH(1,J10:J19,0)),"") | D24: =IF(A24<="'1. Data Input'!B8","LOLOS","TIDAK LOLOS")
A25: 2 | B25: =IFERROR(INDEX(B10:B19,MATCH(2,J10:J19,0)),"") | C25: =IFERROR(INDEX(I10:I19,MATCH(2,J10:J19,0)),"") | D25: =IF(A25<="'1. Data Input'!B8","LOLOS","TIDAK LOLOS")
A26: 3 | B26: =IFERROR(INDEX(B10:B19,MATCH(3,J10:J19,0)),"") | C26: =IFERROR(INDEX(I10:I19,MATCH(3,J10:J19,0)),"") | D26: =IF(A26<="'1. Data Input'!B8","LOLOS","TIDAK LOLOS")
A27: 4 | B27: =IFERROR(INDEX(B10:B19,MATCH(4,J10:J19,0)),"") | C27: =IFERROR(INDEX(I10:I19,MATCH(4,J10:J19,0)),"") | D27: =IF(A27<="'1. Data Input'!B8","LOLOS","TIDAK LOLOS")
A28: 5 | B28: =IFERROR(INDEX(B10:B19,MATCH(5,J10:J19,0)),"") | C28: =IFERROR(INDEX(I10:I19,MATCH(5,J10:J19,0)),"") | D28: =IF(A28<="'1. Data Input'!B8","LOLOS","TIDAK LOLOS")
A29: 6 | B29: =IFERROR(INDEX(B10:B19,MATCH(6,J10:J19,0)),"") | C29: =IFERROR(INDEX(I10:I19,MATCH(6,J10:J19,0)),"") | D29: =IF(A29<="'1. Data Input'!B8","LOLOS","TIDAK LOLOS")
A30: 7 | B30: =IFERROR(INDEX(B10:B19,MATCH(7,J10:J19,0)),"") | C30: =IFERROR(INDEX(I10:I19,MATCH(7,J10:J19,0)),"") | D30: =IF(A30<="'1. Data Input'!B8","LOLOS","TIDAK LOLOS")
A31: 8 | B31: =IFERROR(INDEX(B10:B19,MATCH(8,J10:J19,0)),"") | C31: =IFERROR(INDEX(I10:I19,MATCH(8,J10:J19,0)),"") | D31: =IF(A31<="'1. Data Input'!B8","LOLOS","TIDAK LOLOS")
A32: 9 | B32: =IFERROR(INDEX(B10:B19,MATCH(9,J10:J19,0)),"") | C32: =IFERROR(INDEX(I10:I19,MATCH(9,J10:J19,0)),"") | D32: =IF(A32<="'1. Data Input'!B8","LOLOS","TIDAK LOLOS")
A33: 10 | B33: =IFERROR(INDEX(B10:B19,MATCH(10,J10:J19,0)),"") | C33: =IFERROR(INDEX(I10:I19,MATCH(10,J10:J19,0)),"") | D33: =IF(A33<="'1. Data Input'!B8","LOLOS","TIDAK LOLOS")

Sheet 5. Referensi
A1: TABEL REFERENSI
A3: SKALA PERBANDINGAN SAATY
A4: Nilai | B4: Definisi
A5: 1 | B5: Kedua elemen sama penting
A6: 3 | B6: Elemen satu sedikit lebih penting
A7: 5 | B7: Elemen satu lebih penting
A8: 7 | B8: Satu elemen jelas lebih penting
A9: 9 | B9: Satu elemen mutlak lebih penting
A10: 2,4,6,8 | B10: Nilai antara dua penilaian berdekatan
A12: SKALA FUZZY (TFN)
A13: Nilai | B13: l | C13: m | D13: u
A14: 1 | B14: 1 | C14: 1 | D14: 1
A15: 2 | B15: 0.5 | C15: 1 | D15: 1.5
A16: 3 | B16: 1 | C16: 1.5 | D16: 2
A17: 4 | B17: 1.5 | C17: 2 | D17: 2.5
A18: 5 | B18: 2 | C18: 2.5 | D18: 3
A19: 6 | B19: 2.5 | C19: 3 | D19: 3.5
A20: 7 | B20: 3 | C20: 3.5 | D20: 4
A21: 8 | B21: 3.5 | C21: 4 | D21: 4.5
A22: 9 | B22: 4 | C22: 4.5 | D22: 4.5
A24: RANDOM INDEX (RI)
A25: n | B25: 1 | C25: 2 | D25: 3 | E25: 4 | F25: 5 | G25: 6 | H25: 7 | I25: 8 | J25: 9 | K25: 10
A26: RI | B26: 0 | C26: 0 | D26: 0.58 | E26: 0.9 | F26: 1.12 | G26: 1.24 | H26: 1.32 | I26: 1.41 | J26: 1.46 | K26: 1.49
