Workbook

Sheet Data & Penugasan
A1: FUZZY AHP - SISTEM 3 PENILAI
A2: Masukkan data di sel berwarna KUNING
A4: DATA KEGIATAN
A5: Nama Kegiatan: | B5: Raimuna Daerah
A6: Kuota: | B6: 5
A8: PENUGASAN PENILAI
A9: Penilai | B9: Nama Penilai | C9: Kriteria 1 | D9: Kriteria 2 | E9: Warna
A10: Penilai 1 | B10: Pak Ahmad | C10: K1 - Status Keaktifan | D10: K2 - Pencapaian SKU
A11: Penilai 2 | B11: Bu Siti | C11: K3 - Pencapaian SPG | D11: K4 - Kesehatan Jasmani
A12: Penilai 3 | B12: Pak Budi | C12: K5 - Tes Wawancara | D12: K6 - Tes Pilihan Ganda
A14: BOBOT KRITERIA
A15: Kode | B15: Kriteria | C15: Bobot | D15: Penilai
A16: K1 | B16: Status Keaktifan | C16: 1 | D16: Penilai 1
A17: K2 | B17: Pencapaian SKU | C17: 2 | D17: Penilai 1
A18: K3 | B18: Pencapaian SPG | C18: 2 | D18: Penilai 2
A19: K4 | B19: Kesehatan Jasmani | C19: 3 | D19: Penilai 2
A20: K5 | B20: Tes Wawancara | C20: 4 | D20: Penilai 3
A21: K6 | B21: Tes Pilihan Ganda | C21: 5 | D21: Penilai 3
A23: DAFTAR PESERTA
A24: No | B24: Nama Peserta | C24: Asal
A25: 1 | B25: David Kulian | C25: Merauke
A26: 2 | B26: Siti Aminah | C26: Jayapura
A27: 3 | B27: Budi Santoso | C27: Sorong
A28: 4 | B28: Dewi Lestari | C28: Manokwari
A29: 5 | B29: Ahmad Fauzi | C29: Biak
A30: 6 | B30: Rina Wati | C30: Mimika
A31: 7 | B31: Joko Susilo | C31: Nabire
A32: 8 | B32: Maya Sari | C32: Timika
A33: 9 | B33: Andi Pratama | C33: Wamena
A34: 10 | B34: Lina Marlina | C34: Sarmi

Sheet Input Penilai 1
A1: INPUT NILAI - PENILAI 1
A2: Nama: Pak Ahmad
A3: Kriteria yang dinilai: K1 (Status Keaktifan) dan K2 (Pencapaian SKU)
A5: No | B5: Nama Peserta | C5: K1 Status Keaktifan | D5: K2 Pencapaian SKU
A6: 1 | B6: ='Data & Penugasan'!B25 | C6: 85 | D6: 78
A7: 2 | B7: ='Data & Penugasan'!B26 | C7: 78 | D7: 82
A8: 3 | B8: ='Data & Penugasan'!B27 | C8: 92 | D8: 88
A9: 4 | B9: ='Data & Penugasan'!B28 | C9: 80 | D9: 85
A10: 5 | B10: ='Data & Penugasan'!B29 | C10: 88 | D10: 90
A11: 6 | B11: ='Data & Penugasan'!B30 | C11: 75 | D11: 80
A12: 7 | B12: ='Data & Penugasan'!B31 | C12: 82 | D12: 78
A13: 8 | B13: ='Data & Penugasan'!B32 | C13: 90 | D13: 85
A14: 9 | B14: ='Data & Penugasan'!B33 | C14: 85 | D14: 82
A15: 10 | B15: ='Data & Penugasan'!B34 | C15: 78 | D15: 80

Sheet Input Penilai 2
A1: INPUT NILAI - PENILAI 2
A2: Nama: Bu Siti
A3: Kriteria yang dinilai: K3 (Pencapaian SPG) dan K4 (Kesehatan Jasmani)
A5: No | B5: Nama Peserta | C5: K3 Pencapaian SPG | D5: K4 Kesehatan Jasmani
A6: 1 | B6: ='Data & Penugasan'!B25 | C6: 88 | D6: 92
A7: 2 | B7: ='Data & Penugasan'!B26 | C7: 82 | D7: 88
A8: 3 | B8: ='Data & Penugasan'!B27 | C8: 90 | D8: 85
A9: 4 | B9: ='Data & Penugasan'!B28 | C9: 85 | D9: 90
A10: 5 | B10: ='Data & Penugasan'!B29 | C10: 87 | D10: 80
A11: 6 | B11: ='Data & Penugasan'!B30 | C11: 80 | D11: 85
A12: 7 | B12: ='Data & Penugasan'!B31 | C12: 88 | D12: 82
A13: 8 | B13: ='Data & Penugasan'!B32 | C13: 85 | D13: 88
A14: 9 | B14: ='Data & Penugasan'!B33 | C14: 82 | D14: 85
A15: 10 | B15: ='Data & Penugasan'!B34 | C15: 85 | D15: 90

Sheet Input Penilai 3
A1: INPUT NILAI - PENILAI 3
A2: Nama: Pak Budi
A3: Kriteria yang dinilai: K5 (Tes Wawancara) dan K6 (Tes Pilihan Ganda)
A5: No | B5: Nama Peserta | C5: K5 Tes Wawancara | D5: K6 Tes Pilihan Ganda
A6: 1 | B6: ='Data & Penugasan'!B25 | C6: 87 | D6: 85
A7: 2 | B7: ='Data & Penugasan'!B26 | C7: 80 | D7: 78
A8: 3 | B8: ='Data & Penugasan'!B27 | C8: 88 | D8: 90
A9: 4 | B9: ='Data & Penugasan'!B28 | C9: 82 | D9: 80
A10: 5 | B10: ='Data & Penugasan'!B29 | C10: 90 | D10: 88
A11: 6 | B11: ='Data & Penugasan'!B30 | C11: 85 | D11: 82
A12: 7 | B12: ='Data & Penugasan'!B31 | C12: 80 | D12: 85
A13: 8 | B13: ='Data & Penugasan'!B32 | C13: 88 | D13: 92
A14: 9 | B14: ='Data & Penugasan'!B33 | C14: 85 | D14: 80
A15: 10 | B15: ='Data & Penugasan'!B34 | C15: 82 | D15: 85

Sheet Rekap Nilai
A1: REKAPITULASI NILAI DARI SEMUA PENILAI
A2: Nilai diambil dari input masing-masing penilai
A4: No | B4: Nama Peserta | C4: K1 | D4: K2 | E4: K3 | F4: K4 | G4: K5 | H4: K6
A5: 1 | B5: ='Data & Penugasan'!B25 | C5: ='Input Penilai 1'!C6 | D5: ='Input Penilai 1'!D6 | E5: ='Input Penilai 2'!C6 | F5: ='Input Penilai 2'!D6 | G5: ='Input Penilai 3'!C6 | H5: ='Input Penilai 3'!D6
A6: 2 | B6: ='Data & Penugasan'!B26 | C6: ='Input Penilai 1'!C7 | D6: ='Input Penilai 1'!D7 | E6: ='Input Penilai 2'!C7 | F6: ='Input Penilai 2'!D7 | G6: ='Input Penilai 3'!C7 | H6: ='Input Penilai 3'!D7
A7: 3 | B7: ='Data & Penugasan'!B27 | C7: ='Input Penilai 1'!C8 | D7: ='Input Penilai 1'!D8 | E7: ='Input Penilai 2'!C8 | F7: ='Input Penilai 2'!D8 | G7: ='Input Penilai 3'!C8 | H7: ='Input Penilai 3'!D8
A8: 4 | B8: ='Data & Penugasan'!B28 | C8: ='Input Penilai 1'!C9 | D8: ='Input Penilai 1'!D9 | E8: ='Input Penilai 2'!C9 | F8: ='Input Penilai 2'!D9 | G8: ='Input Penilai 3'!C9 | H8: ='Input Penilai 3'!D9
A9: 5 | B9: ='Data & Penugasan'!B29 | C9: ='Input Penilai 1'!C10 | D9: ='Input Penilai 1'!D10 | E9: ='Input Penilai 2'!C10 | F9: ='Input Penilai 2'!D10 | G9: ='Input Penilai 3'!C10 | H9: ='Input Penilai 3'!D10
A10: 6 | B10: ='Data & Penugasan'!B30 | C10: ='Input Penilai 1'!C11 | D10: ='Input Penilai 1'!D11 | E10: ='Input Penilai 2'!C11 | F10: ='Input Penilai 2'!D11 | G10: ='Input Penilai 3'!C11 | H10: ='Input Penilai 3'!D11
A11: 7 | B11: ='Data & Penugasan'!B31 | C11: ='Input Penilai 1'!C12 | D11: ='Input Penilai 1'!D12 | E11: ='Input Penilai 2'!C12 | F11: ='Input Penilai 2'!D12 | G11: ='Input Penilai 3'!C12 | H11: ='Input Penilai 3'!D12
A12: 8 | B12: ='Data & Penugasan'!B32 | C12: ='Input Penilai 1'!C13 | D12: ='Input Penilai 1'!D13 | E12: ='Input Penilai 2'!C13 | F12: ='Input Penilai 2'!D13 | G12: ='Input Penilai 3'!C13 | H12: ='Input Penilai 3'!D13
A13: 9 | B13: ='Data & Penugasan'!B33 | C13: ='Input Penilai 1'!C14 | D13: ='Input Penilai 1'!D14 | E13: ='Input Penilai 2'!C14 | F13: ='Input Penilai 2'!D14 | G13: ='Input Penilai 3'!C14 | H13: ='Input Penilai 3'!D14
A14: 10 | B14: ='Data & Penugasan'!B34 | C14: ='Input Penilai 1'!C15 | D14: ='Input Penilai 1'!D15 | E14: ='Input Penilai 2'!C15 | F14: ='Input Penilai 2'!D15 | G14: ='Input Penilai 3'!C15 | H14: ='Input Penilai 3'!D15
A16: Keterangan:
B17: =Nilai dari Penilai 1 (K1, K2)
B18: =Nilai dari Penilai 2 (K3, K4)
B19: =Nilai dari Penilai 3 (K5, K6)

Sheet 1-3. Crisp & Konsistensi
A1: LANGKAH 1-3: MATRIKS CRISP, EIGENVECTOR & UJI KONSISTENSI
A3: LANGKAH 1: PENYUSUNAN MATRIKS PERBANDINGAN BERPASANGAN (CRISP)
A4: Formula: IF(wi/wj >= 1, MIN(9, MAX(1, wi/wj)), MAX(1/9, wi/wj))
A5: Kriteria | B5: K1 | C5: K2 | D5: K3 | E5: K4 | F5: K5 | G5: K6
A6: K1 | B6: 1 | C6: =IF('Data & Penugasan'!$C$16/'Data & Penugasan'!$C$17>=1,MIN(9,MAX(1,'Data & Penugasan'!$C$16/'Data & Penugasan'!$C$17)),MAX(1/9,'Data & Penugasan'!$C$16/'Data & Penugasan'!$C$17)) | D6: =IF('Data & Penugasan'!$C$16/'Data & Penugasan'!$C$18>=1,MIN(9,MAX(1,'Data & Penugasan'!$C$16/'Data & Penugasan'!$C$18)),MAX(1/9,'Data & Penugasan'!$C$16/'Data & Penugasan'!$C$18)) | E6: =IF('Data & Penugasan'!$C$16/'Data & Penugasan'!$C$19>=1,MIN(9,MAX(1,'Data & Penugasan'!$C$16/'Data & Penugasan'!$C$19)),MAX(1/9,'Data & Penugasan'!$C$16/'Data & Penugasan'!$C$19)) | F6: =IF('Data & Penugasan'!$C$16/'Data & Penugasan'!$C$20>=1,MIN(9,MAX(1,'Data & Penugasan'!$C$16/'Data & Penugasan'!$C$20)),MAX(1/9,'Data & Penugasan'!$C$16/'Data & Penugasan'!$C$20)) | G6: =IF('Data & Penugasan'!$C$16/'Data & Penugasan'!$C$21>=1,MIN(9,MAX(1,'Data & Penugasan'!$C$16/'Data & Penugasan'!$C$21)),MAX(1/9,'Data & Penugasan'!$C$16/'Data & Penugasan'!$C$21))
A7: K2 | B7: =IF('Data & Penugasan'!$C$17/'Data & Penugasan'!$C$16>=1,MIN(9,MAX(1,'Data & Penugasan'!$C$17/'Data & Penugasan'!$C$16)),MAX(1/9,'Data & Penugasan'!$C$17/'Data & Penugasan'!$C$16)) | C7: 1 | D7: =IF('Data & Penugasan'!$C$17/'Data & Penugasan'!$C$18>=1,MIN(9,MAX(1,'Data & Penugasan'!$C$17/'Data & Penugasan'!$C$18)),MAX(1/9,'Data & Penugasan'!$C$17/'Data & Penugasan'!$C$18)) | E7: =IF('Data & Penugasan'!$C$17/'Data & Penugasan'!$C$19>=1,MIN(9,MAX(1,'Data & Penugasan'!$C$17/'Data & Penugasan'!$C$19)),MAX(1/9,'Data & Penugasan'!$C$17/'Data & Penugasan'!$C$19)) | F7: =IF('Data & Penugasan'!$C$17/'Data & Penugasan'!$C$20>=1,MIN(9,MAX(1,'Data & Penugasan'!$C$17/'Data & Penugasan'!$C$20)),MAX(1/9,'Data & Penugasan'!$C$17/'Data & Penugasan'!$C$20)) | G7: =IF('Data & Penugasan'!$C$17/'Data & Penugasan'!$C$21>=1,MIN(9,MAX(1,'Data & Penugasan'!$C$17/'Data & Penugasan'!$C$21)),MAX(1/9,'Data & Penugasan'!$C$17/'Data & Penugasan'!$C$21))
A8: K3 | B8: =IF('Data & Penugasan'!$C$18/'Data & Penugasan'!$C$16>=1,MIN(9,MAX(1,'Data & Penugasan'!$C$18/'Data & Penugasan'!$C$16)),MAX(1/9,'Data & Penugasan'!$C$18/'Data & Penugasan'!$C$16)) | C8: =IF('Data & Penugasan'!$C$18/'Data & Penugasan'!$C$17>=1,MIN(9,MAX(1,'Data & Penugasan'!$C$18/'Data & Penugasan'!$C$17)),MAX(1/9,'Data & Penugasan'!$C$18/'Data & Penugasan'!$C$17)) | D8: 1 | E8: =IF('Data & Penugasan'!$C$18/'Data & Penugasan'!$C$19>=1,MIN(9,MAX(1,'Data & Penugasan'!$C$18/'Data & Penugasan'!$C$19)),MAX(1/9,'Data & Penugasan'!$C$18/'Data & Penugasan'!$C$19)) | F8: =IF('Data & Penugasan'!$C$18/'Data & Penugasan'!$C$20>=1,MIN(9,MAX(1,'Data & Penugasan'!$C$18/'Data & Penugasan'!$C$20)),MAX(1/9,'Data & Penugasan'!$C$18/'Data & Penugasan'!$C$20)) | G8: =IF('Data & Penugasan'!$C$18/'Data & Penugasan'!$C$21>=1,MIN(9,MAX(1,'Data & Penugasan'!$C$18/'Data & Penugasan'!$C$21)),MAX(1/9,'Data & Penugasan'!$C$18/'Data & Penugasan'!$C$21))
A9: K4 | B9: =IF('Data & Penugasan'!$C$19/'Data & Penugasan'!$C$16>=1,MIN(9,MAX(1,'Data & Penugasan'!$C$19/'Data & Penugasan'!$C$16)),MAX(1/9,'Data & Penugasan'!$C$19/'Data & Penugasan'!$C$16)) | C9: =IF('Data & Penugasan'!$C$19/'Data & Penugasan'!$C$17>=1,MIN(9,MAX(1,'Data & Penugasan'!$C$19/'Data & Penugasan'!$C$17)),MAX(1/9,'Data & Penugasan'!$C$19/'Data & Penugasan'!$C$17)) | D9: =IF('Data & Penugasan'!$C$19/'Data & Penugasan'!$C$18>=1,MIN(9,MAX(1,'Data & Penugasan'!$C$19/'Data & Penugasan'!$C$18)),MAX(1/9,'Data & Penugasan'!$C$19/'Data & Penugasan'!$C$18)) | E9: 1 | F9: =IF('Data & Penugasan'!$C$19/'Data & Penugasan'!$C$20>=1,MIN(9,MAX(1,'Data & Penugasan'!$C$19/'Data & Penugasan'!$C$20)),MAX(1/9,'Data & Penugasan'!$C$19/'Data & Penugasan'!$C$20)) | G9: =IF('Data & Penugasan'!$C$19/'Data & Penugasan'!$C$21>=1,MIN(9,MAX(1,'Data & Penugasan'!$C$19/'Data & Penugasan'!$C$21)),MAX(1/9,'Data & Penugasan'!$C$19/'Data & Penugasan'!$C$21))
A10: K5 | B10: =IF('Data & Penugasan'!$C$20/'Data & Penugasan'!$C$16>=1,MIN(9,MAX(1,'Data & Penugasan'!$C$20/'Data & Penugasan'!$C$16)),MAX(1/9,'Data & Penugasan'!$C$20/'Data & Penugasan'!$C$16)) | C10: =IF('Data & Penugasan'!$C$20/'Data & Penugasan'!$C$17>=1,MIN(9,MAX(1,'Data & Penugasan'!$C$20/'Data & Penugasan'!$C$17)),MAX(1/9,'Data & Penugasan'!$C$20/'Data & Penugasan'!$C$17)) | D10: =IF('Data & Penugasan'!$C$20/'Data & Penugasan'!$C$18>=1,MIN(9,MAX(1,'Data & Penugasan'!$C$20/'Data & Penugasan'!$C$18)),MAX(1/9,'Data & Penugasan'!$C$20/'Data & Penugasan'!$C$18)) | E10: =IF('Data & Penugasan'!$C$20/'Data & Penugasan'!$C$19>=1,MIN(9,MAX(1,'Data & Penugasan'!$C$20/'Data & Penugasan'!$C$19)),MAX(1/9,'Data & Penugasan'!$C$20/'Data & Penugasan'!$C$19)) | F10: 1 | G10: =IF('Data & Penugasan'!$C$20/'Data & Penugasan'!$C$21>=1,MIN(9,MAX(1,'Data & Penugasan'!$C$20/'Data & Penugasan'!$C$21)),MAX(1/9,'Data & Penugasan'!$C$20/'Data & Penugasan'!$C$21))
A11: K6 | B11: =IF('Data & Penugasan'!$C$21/'Data & Penugasan'!$C$16>=1,MIN(9,MAX(1,'Data & Penugasan'!$C$21/'Data & Penugasan'!$C$16)),MAX(1/9,'Data & Penugasan'!$C$21/'Data & Penugasan'!$C$16)) | C11: =IF('Data & Penugasan'!$C$21/'Data & Penugasan'!$C$17>=1,MIN(9,MAX(1,'Data & Penugasan'!$C$21/'Data & Penugasan'!$C$17)),MAX(1/9,'Data & Penugasan'!$C$21/'Data & Penugasan'!$C$17)) | D11: =IF('Data & Penugasan'!$C$21/'Data & Penugasan'!$C$18>=1,MIN(9,MAX(1,'Data & Penugasan'!$C$21/'Data & Penugasan'!$C$18)),MAX(1/9,'Data & Penugasan'!$C$21/'Data & Penugasan'!$C$18)) | E11: =IF('Data & Penugasan'!$C$21/'Data & Penugasan'!$C$19>=1,MIN(9,MAX(1,'Data & Penugasan'!$C$21/'Data & Penugasan'!$C$19)),MAX(1/9,'Data & Penugasan'!$C$21/'Data & Penugasan'!$C$19)) | F11: =IF('Data & Penugasan'!$C$21/'Data & Penugasan'!$C$20>=1,MIN(9,MAX(1,'Data & Penugasan'!$C$21/'Data & Penugasan'!$C$20)),MAX(1/9,'Data & Penugasan'!$C$21/'Data & Penugasan'!$C$20)) | G11: 1
A14: LANGKAH 2: PERHITUNGAN VECTOR EIGEN (GEOMETRIC MEAN METHOD)
A15: Kriteria | B15: Geometric Mean (GM) | C15: Eigenvector (Wi)
A16: Status Keaktifan | B16: =(B6*C6*D6*E6*F6*G6)^(1/6) | C16: =B16/$B$22
A17: Pencapaian SKU | B17: =(B7*C7*D7*E7*F7*G7)^(1/6) | C17: =B17/$B$22
A18: Pencapaian SPG | B18: =(B8*C8*D8*E8*F8*G8)^(1/6) | C18: =B18/$B$22
A19: Kesehatan Jasmani | B19: =(B9*C9*D9*E9*F9*G9)^(1/6) | C19: =B19/$B$22
A20: Tes Wawancara | B20: =(B10*C10*D10*E10*F10*G10)^(1/6) | C20: =B20/$B$22
A21: Tes Pilihan Ganda | B21: =(B11*C11*D11*E11*F11*G11)^(1/6) | C21: =B21/$B$22
A22: Total | B22: =SUM(B16:B21) | C22: =SUM(C16:C21)
A24: LANGKAH 3: UJI KONSISTENSI MATRIKS PERBANDINGAN
A25: Kriteria | B25: A*w | C25: (A*w)/w
A26: Status Keaktifan | B26: =B6*$C$16+C6*$C$17+D6*$C$18+E6*$C$19+F6*$C$20+G6*$C$21 | C26: =B26/$C$16
A27: Pencapaian SKU | B27: =B7*$C$16+C7*$C$17+D7*$C$18+E7*$C$19+F7*$C$20+G7*$C$21 | C27: =B27/$C$17
A28: Pencapaian SPG | B28: =B8*$C$16+C8*$C$17+D8*$C$18+E8*$C$19+F8*$C$20+G8*$C$21 | C28: =B28/$C$18
A29: Kesehatan Jasmani | B29: =B9*$C$16+C9*$C$17+D9*$C$18+E9*$C$19+F9*$C$20+G9*$C$21 | C29: =B29/$C$19
A30: Tes Wawancara | B30: =B10*$C$16+C10*$C$17+D10*$C$18+E10*$C$19+F10*$C$20+G10*$C$21 | C30: =B30/$C$20
A31: Tes Pilihan Ganda | B31: =B11*$C$16+C11*$C$17+D11*$C$18+E11*$C$19+F11*$C$20+G11*$C$21 | C31: =B31/$C$21
A33: Lambda Max: | B33: =AVERAGE(C26:C31)
A34: CI: | B34: =(B33-6)/(6-1)
A35: RI (n=6): | B35: 1.24
A36: CR: | B36: =B34/B35
A37: Status: | B37: =IF(B36<=0.1,"KONSISTEN","TIDAK KONSISTEN")

Sheet 4-6. Fuzzy & Bobot
A1: LANGKAH 4-6: FUZZIFIKASI, SYNTHETIC EXTENT & BOBOT GLOBAL
A3: TABEL SKALA FUZZY (TFN)
A4: Intensitas | B4: l | C4: m | D4: u
A5: 1 | B5: 1 | C5: 1 | D5: 1
A6: 2 | B6: 0.5 | C6: 1 | D6: 1.5
A7: 3 | B7: 1 | C7: 1.5 | D7: 2
A8: 4 | B8: 1.5 | C8: 2 | D8: 2.5
A9: 5 | B9: 2 | C9: 2.5 | D9: 3
A10: 6 | B10: 2.5 | C10: 3 | D10: 3.5
A11: 7 | B11: 3 | C11: 3.5 | D11: 4
A12: 8 | B12: 3.5 | C12: 4 | D12: 4.5
A13: 9 | B13: 4 | C13: 4.5 | D13: 4.5
A15: LANGKAH 4: FUZZIFIKASI - SIMPLIFIED
A16: Untuk penyederhanaan, bobot menggunakan eigenvector dari Langkah 2
A18: LANGKAH 6: BOBOT GLOBAL (DARI EIGENVECTOR)
A19: Kriteria | B19: Bobot (Wi) | C19: Persentase | D19: Penilai
A20: Status Keaktifan | B20: ='1-3. Crisp & Konsistensi'!C16 | C20: =B20*100 | D20: Penilai 1
A21: Pencapaian SKU | B21: ='1-3. Crisp & Konsistensi'!C17 | C21: =B21*100 | D21: Penilai 1
A22: Pencapaian SPG | B22: ='1-3. Crisp & Konsistensi'!C18 | C22: =B22*100 | D22: Penilai 2
A23: Kesehatan Jasmani | B23: ='1-3. Crisp & Konsistensi'!C19 | C23: =B23*100 | D23: Penilai 2
A24: Tes Wawancara | B24: ='1-3. Crisp & Konsistensi'!C20 | C24: =B24*100 | D24: Penilai 3
A25: Tes Pilihan Ganda | B25: ='1-3. Crisp & Konsistensi'!C21 | C25: =B25*100 | D25: Penilai 3
A26: Total | B26: =SUM(B20:B25)

Sheet Hasil & Ranking
A1: PERHITUNGAN SKOR AKHIR & RANKING
A2: Skor = Sum(Nilai dari masing-masing Penilai * Bobot)
A4: BOBOT KRITERIA
A5: K1 | B5: K2 | C5: K3 | D5: K4 | E5: K5 | F5: K6
A6: ='4-6. Fuzzy & Bobot'!B20 | B6: ='4-6. Fuzzy & Bobot'!B21 | C6: ='4-6. Fuzzy & Bobot'!B22 | D6: ='4-6. Fuzzy & Bobot'!B23 | E6: ='4-6. Fuzzy & Bobot'!B24 | F6: ='4-6. Fuzzy & Bobot'!B25
A8: PERHITUNGAN SKOR AKHIR
A9: No | B9: Nama | C9: K1*W | D9: K2*W | E9: K3*W | F9: K4*W | G9: K5*W | H9: K6*W | I9: Skor | J9: Rank
A10: 1 | B10: ='Data & Penugasan'!B25 | C10: ='Rekap Nilai'!C5*$A$6 | D10: ='Rekap Nilai'!D5*$B$6 | E10: ='Rekap Nilai'!E5*$C$6 | F10: ='Rekap Nilai'!F5*$D$6 | G10: ='Rekap Nilai'!G5*$E$6 | H10: ='Rekap Nilai'!H5*$F$6 | I10: =SUM(C10:H10) | J10: =IF(B10="","",RANK(I10,$I$10:$I$19,0))
A11: 2 | B11: ='Data & Penugasan'!B26 | C11: ='Rekap Nilai'!C6*$A$6 | D11: ='Rekap Nilai'!D6*$B$6 | E11: ='Rekap Nilai'!E6*$C$6 | F11: ='Rekap Nilai'!F6*$D$6 | G11: ='Rekap Nilai'!G6*$E$6 | H11: ='Rekap Nilai'!H6*$F$6 | I11: =SUM(C11:H11) | J11: =IF(B11="","",RANK(I11,$I$10:$I$19,0))
A12: 3 | B12: ='Data & Penugasan'!B27 | C12: ='Rekap Nilai'!C7*$A$6 | D12: ='Rekap Nilai'!D7*$B$6 | E12: ='Rekap Nilai'!E7*$C$6 | F12: ='Rekap Nilai'!F7*$D$6 | G12: ='Rekap Nilai'!G7*$E$6 | H12: ='Rekap Nilai'!H7*$F$6 | I12: =SUM(C12:H12) | J12: =IF(B12="","",RANK(I12,$I$10:$I$19,0))
A13: 4 | B13: ='Data & Penugasan'!B28 | C13: ='Rekap Nilai'!C8*$A$6 | D13: ='Rekap Nilai'!D8*$B$6 | E13: ='Rekap Nilai'!E8*$C$6 | F13: ='Rekap Nilai'!F8*$D$6 | G13: ='Rekap Nilai'!G8*$E$6 | H13: ='Rekap Nilai'!H8*$F$6 | I13: =SUM(C13:H13) | J13: =IF(B13="","",RANK(I13,$I$10:$I$19,0))
A14: 5 | B14: ='Data & Penugasan'!B29 | C14: ='Rekap Nilai'!C9*$A$6 | D14: ='Rekap Nilai'!D9*$B$6 | E14: ='Rekap Nilai'!E9*$C$6 | F14: ='Rekap Nilai'!F9*$D$6 | G14: ='Rekap Nilai'!G9*$E$6 | H14: ='Rekap Nilai'!H9*$F$6 | I14: =SUM(C14:H14) | J14: =IF(B14="","",RANK(I14,$I$10:$I$19,0))
A15: 6 | B15: ='Data & Penugasan'!B30 | C15: ='Rekap Nilai'!C10*$A$6 | D15: ='Rekap Nilai'!D10*$B$6 | E15: ='Rekap Nilai'!E10*$C$6 | F15: ='Rekap Nilai'!F10*$D$6 | G15: ='Rekap Nilai'!G10*$E$6 | H15: ='Rekap Nilai'!H10*$F$6 | I15: =SUM(C15:H15) | J15: =IF(B15="","",RANK(I15,$I$10:$I$19,0))
A16: 7 | B16: ='Data & Penugasan'!B31 | C16: ='Rekap Nilai'!C11*$A$6 | D16: ='Rekap Nilai'!D11*$B$6 | E16: ='Rekap Nilai'!E11*$C$6 | F16: ='Rekap Nilai'!F11*$D$6 | G16: ='Rekap Nilai'!G11*$E$6 | H16: ='Rekap Nilai'!H11*$F$6 | I16: =SUM(C16:H16) | J16: =IF(B16="","",RANK(I16,$I$10:$I$19,0))
A17: 8 | B17: ='Data & Penugasan'!B32 | C17: ='Rekap Nilai'!C12*$A$6 | D17: ='Rekap Nilai'!D12*$B$6 | E17: ='Rekap Nilai'!E12*$C$6 | F17: ='Rekap Nilai'!F12*$D$6 | G17: ='Rekap Nilai'!G12*$E$6 | H17: ='Rekap Nilai'!H12*$F$6 | I17: =SUM(C17:H17) | J17: =IF(B17="","",RANK(I17,$I$10:$I$19,0))
A18: 9 | B18: ='Data & Penugasan'!B33 | C18: ='Rekap Nilai'!C13*$A$6 | D18: ='Rekap Nilai'!D13*$B$6 | E18: ='Rekap Nilai'!E13*$C$6 | F18: ='Rekap Nilai'!F13*$D$6 | G18: ='Rekap Nilai'!G13*$E$6 | H18: ='Rekap Nilai'!H13*$F$6 | I18: =SUM(C18:H18) | J18: =IF(B18="","",RANK(I18,$I$10:$I$19,0))
A19: 10 | B19: ='Data & Penugasan'!B34 | C19: ='Rekap Nilai'!C14*$A$6 | D19: ='Rekap Nilai'!D14*$B$6 | E19: ='Rekap Nilai'!E14*$C$6 | F19: ='Rekap Nilai'!F14*$D$6 | G19: ='Rekap Nilai'!G14*$E$6 | H19: ='Rekap Nilai'!H14*$F$6 | I19: =SUM(C19:H19) | J19: =IF(B19="","",RANK(I19,$I$10:$I$19,0))
A21: Keterangan Warna:
B22: =Nilai dari Penilai 1
B23: =Nilai dari Penilai 2
B24: =Nilai dari Penilai 3
