Workbook

Sheet 1-3. Crisp & Konsistensi
A1: PERHITUNGAN FUZZY AHP - SESUAI LANGKAH SISTEM
A2: Masukkan nilai perbandingan (1-9) di sel KUNING. Hasil akan dihitung otomatis.
A4: LANGKAH 1: PENYUSUNAN MATRIKS PERBANDINGAN BERPASANGAN (CRISP)
A5: Masukkan nilai 1-9 sesuai skala Saaty di segitiga atas (sel kuning)
A6: Skala: | B6: 1=Sama Penting, 3=Sedikit Lebih, 5=Lebih Penting, 7=Jelas Lebih, 9=Mutlak Lebih
A7: Kriteria | B7: K1 | C7: K2 | D7: K3 | E7: K4 | F7: K5 | G7: K6
A8: K1 | B8: 1 | C8: 1 | D8: 1 | E8: 1 | F8: 1 | G8: 1
A9: K2 | B9: =1/C8 | C9: 1 | D9: 1 | E9: 1 | F9: 1 | G9: 1
A10: K3 | B10: =1/D8 | C10: =1/D9 | D10: 1 | E10: 1 | F10: 1 | G10: 1
A11: K4 | B11: =1/E8 | C11: =1/E9 | D11: =1/E10 | E11: 1 | F11: 1 | G11: 1
A12: K5 | B12: =1/F8 | C12: =1/F9 | D12: =1/F10 | E12: =1/F11 | F12: 1 | G12: 1
A13: K6 | B13: =1/G8 | C13: =1/G9 | D13: =1/G10 | E13: =1/G11 | F13: =1/G12 | G13: 1
A15: LANGKAH 2: PERHITUNGAN VECTOR EIGEN (GEOMETRIC MEAN METHOD)
A16: Rumus: GMi = (∏ aij)^(1/n), Wi = GMi / Σ GMi
A17: Kriteria | B17: Geometric Mean (GM) | C17: Eigenvector (Wi)
A18: K1 | B18: =(B8*C8*D8*E8*F8*G8)^(1/6) | C18: =B18/$B$24
A19: K2 | B19: =(B9*C9*D9*E9*F9*G9)^(1/6) | C19: =B19/$B$24
A20: K3 | B20: =(B10*C10*D10*E10*F10*G10)^(1/6) | C20: =B20/$B$24
A21: K4 | B21: =(B11*C11*D11*E11*F11*G11)^(1/6) | C21: =B21/$B$24
A22: K5 | B22: =(B12*C12*D12*E12*F12*G12)^(1/6) | C22: =B22/$B$24
A23: K6 | B23: =(B13*C13*D13*E13*F13*G13)^(1/6) | C23: =B23/$B$24
A24: Total | B24: =SUM(B18:B23) | C24: =SUM(C18:C23)
A26: Lambda Max (λmax): | B26: =AVERAGE(G27:G32) | E26: Kriteria | F26: A*w | G26: (A*w)/w
E27: K1 | F27: =B8*$C$18+C8*$C$19+D8*$C$20+E8*$C$21+F8*$C$22+G8*$C$23 | G27: =F27/$C$18
E28: K2 | F28: =B9*$C$18+C9*$C$19+D9*$C$20+E9*$C$21+F9*$C$22+G9*$C$23 | G28: =F28/$C$19
E29: K3 | F29: =B10*$C$18+C10*$C$19+D10*$C$20+E10*$C$21+F10*$C$22+G10*$C$23 | G29: =F29/$C$20
E30: K4 | F30: =B11*$C$18+C11*$C$19+D11*$C$20+E11*$C$21+F11*$C$22+G11*$C$23 | G30: =F30/$C$21
E31: K5 | F31: =B12*$C$18+C12*$C$19+D12*$C$20+E12*$C$21+F12*$C$22+G12*$C$23 | G31: =F31/$C$22
E32: K6 | F32: =B13*$C$18+C13*$C$19+D13*$C$20+E13*$C$21+F13*$C$22+G13*$C$23 | G32: =F32/$C$23
A34: LANGKAH 3: UJI KONSISTENSI MATRIKS PERBANDINGAN
A35: Matriks konsisten jika CR ≤ 0.1
A36: Consistency Index (CI): | B36: =(B26-6)/5 | C36: =(λmax - n) / (n - 1)
A37: Random Index (RI): | B37: 1.24 | C37: Untuk n=6, RI = 1.24
A38: Consistency Ratio (CR): | B38: =B36/B37 | C38: =CI / RI
A39: Status: | B39: =IF(B38<=0.1,"KONSISTEN","TIDAK KONSISTEN")

Sheet 4. Fuzzifikasi TFN
A1: LANGKAH 4: FUZZIFIKASI MATRIKS PERBANDINGAN BERPASANGAN
A2: Konversi nilai crisp ke Triangular Fuzzy Number (TFN) = (l, m, u)
A4: TABEL SKALA NILAI FUZZY (TFN)
A5: Intensitas | B5: TFN (l, m, u) | C5: Kebalikan
A6: 1 | B6: (1, 1, 1) | C6: (1, 1, 1)
A7: 2 | B7: (0.5, 1, 1.5) | C7: (1/1.5, 1/1, 1/0.5)
A8: 3 | B8: (1, 1.5, 2) | C8: (1/2, 1/1.5, 1/1)
A9: 4 | B9: (1.5, 2, 2.5) | C9: (1/2.5, 1/2, 1/1.5)
A10: 5 | B10: (2, 2.5, 3) | C10: (1/3, 1/2.5, 1/2)
A11: 6 | B11: (2.5, 3, 3.5) | C11: (1/3.5, 1/3, 1/2.5)
A12: 7 | B12: (3, 3.5, 4) | C12: (1/4, 1/3.5, 1/3)
A13: 8 | B13: (3.5, 4, 4.5) | C13: (1/4.5, 1/4, 1/3.5)
A14: 9 | B14: (4, 4.5, 4.5) | C14: (1/4.5, 1/4.5, 1/4)
A16: MATRIKS FUZZY (TFN)
A17: Nilai TFN dihitung berdasarkan matriks crisp di Sheet 1
A18: Kriteria | B18: K1 | E18: K2 | H18: K3 | K18: K4 | N18: K5 | Q18: K6
B19: l | C19: m | D19: u | E19: l | F19: m | G19: u | H19: l | I19: m | J19: u | K19: l | L19: m | M19: u | N19: l | O19: m | P19: u | Q19: l | R19: m | S19: u
A20: K1 | B20: 1 | C20: 1 | D20: 1 | E20: =MAX(0.5,('1-3. Crisp & Konsistensi'!C8-1)*0.5) | F20: =MAX(1,('1-3. Crisp & Konsistensi'!C8-1)*0.5+0.5) | G20: ='1-3. Crisp & Konsistensi'!C8*0.5 | H20: =MAX(0.5,('1-3. Crisp & Konsistensi'!D8-1)*0.5) | I20: =MAX(1,('1-3. Crisp & Konsistensi'!D8-1)*0.5+0.5) | J20: ='1-3. Crisp & Konsistensi'!D8*0.5 | K20: =MAX(0.5,('1-3. Crisp & Konsistensi'!E8-1)*0.5) | L20: =MAX(1,('1-3. Crisp & Konsistensi'!E8-1)*0.5+0.5) | M20: ='1-3. Crisp & Konsistensi'!E8*0.5 | N20: =MAX(0.5,('1-3. Crisp & Konsistensi'!F8-1)*0.5) | O20: =MAX(1,('1-3. Crisp & Konsistensi'!F8-1)*0.5+0.5) | P20: ='1-3. Crisp & Konsistensi'!F8*0.5 | Q20: =MAX(0.5,('1-3. Crisp & Konsistensi'!G8-1)*0.5) | R20: =MAX(1,('1-3. Crisp & Konsistensi'!G8-1)*0.5+0.5) | S20: ='1-3. Crisp & Konsistensi'!G8*0.5
A21: K2 | B21: =1/G20 | C21: =1/F20 | D21: =1/E20 | E21: 1 | F21: 1 | G21: 1 | H21: =MAX(0.5,('1-3. Crisp & Konsistensi'!D9-1)*0.5) | I21: =MAX(1,('1-3. Crisp & Konsistensi'!D9-1)*0.5+0.5) | J21: ='1-3. Crisp & Konsistensi'!D9*0.5 | K21: =MAX(0.5,('1-3. Crisp & Konsistensi'!E9-1)*0.5) | L21: =MAX(1,('1-3. Crisp & Konsistensi'!E9-1)*0.5+0.5) | M21: ='1-3. Crisp & Konsistensi'!E9*0.5 | N21: =MAX(0.5,('1-3. Crisp & Konsistensi'!F9-1)*0.5) | O21: =MAX(1,('1-3. Crisp & Konsistensi'!F9-1)*0.5+0.5) | P21: ='1-3. Crisp & Konsistensi'!F9*0.5 | Q21: =MAX(0.5,('1-3. Crisp & Konsistensi'!G9-1)*0.5) | R21: =MAX(1,('1-3. Crisp & Konsistensi'!G9-1)*0.5+0.5) | S21: ='1-3. Crisp & Konsistensi'!G9*0.5
A22: K3 | B22: =1/J20 | C22: =1/I20 | D22: =1/H20 | E22: =1/J21 | F22: =1/I21 | G22: =1/H21 | H22: 1 | I22: 1 | J22: 1 | K22: =MAX(0.5,('1-3. Crisp & Konsistensi'!E10-1)*0.5) | L22: =MAX(1,('1-3. Crisp & Konsistensi'!E10-1)*0.5+0.5) | M22: ='1-3. Crisp & Konsistensi'!E10*0.5 | N22: =MAX(0.5,('1-3. Crisp & Konsistensi'!F10-1)*0.5) | O22: =MAX(1,('1-3. Crisp & Konsistensi'!F10-1)*0.5+0.5) | P22: ='1-3. Crisp & Konsistensi'!F10*0.5 | Q22: =MAX(0.5,('1-3. Crisp & Konsistensi'!G10-1)*0.5) | R22: =MAX(1,('1-3. Crisp & Konsistensi'!G10-1)*0.5+0.5) | S22: ='1-3. Crisp & Konsistensi'!G10*0.5
A23: K4 | B23: =1/M20 | C23: =1/L20 | D23: =1/K20 | E23: =1/M21 | F23: =1/L21 | G23: =1/K21 | H23: =1/M22 | I23: =1/L22 | J23: =1/K22 | K23: 1 | L23: 1 | M23: 1 | N23: =MAX(0.5,('1-3. Crisp & Konsistensi'!F11-1)*0.5) | O23: =MAX(1,('1-3. Crisp & Konsistensi'!F11-1)*0.5+0.5) | P23: ='1-3. Crisp & Konsistensi'!F11*0.5 | Q23: =MAX(0.5,('1-3. Crisp & Konsistensi'!G11-1)*0.5) | R23: =MAX(1,('1-3. Crisp & Konsistensi'!G11-1)*0.5+0.5) | S23: ='1-3. Crisp & Konsistensi'!G11*0.5
A24: K5 | B24: =1/P20 | C24: =1/O20 | D24: =1/N20 | E24: =1/P21 | F24: =1/O21 | G24: =1/N21 | H24: =1/P22 | I24: =1/O22 | J24: =1/N22 | K24: =1/P23 | L24: =1/O23 | M24: =1/N23 | N24: 1 | O24: 1 | P24: 1 | Q24: =MAX(0.5,('1-3. Crisp & Konsistensi'!G12-1)*0.5) | R24: =MAX(1,('1-3. Crisp & Konsistensi'!G12-1)*0.5+0.5) | S24: ='1-3. Crisp & Konsistensi'!G12*0.5
A25: K6 | B25: =1/S20 | C25: =1/R20 | D25: =1/Q20 | E25: =1/S21 | F25: =1/R21 | G25: =1/Q21 | H25: =1/S22 | I25: =1/R22 | J25: =1/Q22 | K25: =1/S23 | L25: =1/R23 | M25: =1/Q23 | N25: =1/S24 | O25: =1/R24 | P25: =1/Q24 | Q25: 1 | R25: 1 | S25: 1

Sheet 5. Synthetic Extent
A1: LANGKAH 5: PERHITUNGAN FUZZY SYNTHETIC EXTENT
A2: Rumus: Si = (Σ Mij) ⊗ (ΣΣ Mij)^(-1)
A4: PENJUMLAHAN BARIS MATRIKS FUZZY
A5: Kriteria | B5: Σl | C5: Σm | D5: Σu
A6: K1 | B6: ='4. Fuzzifikasi TFN'!B20+'4. Fuzzifikasi TFN'!E20+'4. Fuzzifikasi TFN'!H20+'4. Fuzzifikasi TFN'!K20+'4. Fuzzifikasi TFN'!N20+'4. Fuzzifikasi TFN'!Q20 | C6: ='4. Fuzzifikasi TFN'!C20+'4. Fuzzifikasi TFN'!F20+'4. Fuzzifikasi TFN'!I20+'4. Fuzzifikasi TFN'!L20+'4. Fuzzifikasi TFN'!O20+'4. Fuzzifikasi TFN'!R20 | D6: ='4. Fuzzifikasi TFN'!D20+'4. Fuzzifikasi TFN'!G20+'4. Fuzzifikasi TFN'!J20+'4. Fuzzifikasi TFN'!M20+'4. Fuzzifikasi TFN'!P20+'4. Fuzzifikasi TFN'!S20
A7: K2 | B7: ='4. Fuzzifikasi TFN'!B21+'4. Fuzzifikasi TFN'!E21+'4. Fuzzifikasi TFN'!H21+'4. Fuzzifikasi TFN'!K21+'4. Fuzzifikasi TFN'!N21+'4. Fuzzifikasi TFN'!Q21 | C7: ='4. Fuzzifikasi TFN'!C21+'4. Fuzzifikasi TFN'!F21+'4. Fuzzifikasi TFN'!I21+'4. Fuzzifikasi TFN'!L21+'4. Fuzzifikasi TFN'!O21+'4. Fuzzifikasi TFN'!R21 | D7: ='4. Fuzzifikasi TFN'!D21+'4. Fuzzifikasi TFN'!G21+'4. Fuzzifikasi TFN'!J21+'4. Fuzzifikasi TFN'!M21+'4. Fuzzifikasi TFN'!P21+'4. Fuzzifikasi TFN'!S21
A8: K3 | B8: ='4. Fuzzifikasi TFN'!B22+'4. Fuzzifikasi TFN'!E22+'4. Fuzzifikasi TFN'!H22+'4. Fuzzifikasi TFN'!K22+'4. Fuzzifikasi TFN'!N22+'4. Fuzzifikasi TFN'!Q22 | C8: ='4. Fuzzifikasi TFN'!C22+'4. Fuzzifikasi TFN'!F22+'4. Fuzzifikasi TFN'!I22+'4. Fuzzifikasi TFN'!L22+'4. Fuzzifikasi TFN'!O22+'4. Fuzzifikasi TFN'!R22 | D8: ='4. Fuzzifikasi TFN'!D22+'4. Fuzzifikasi TFN'!G22+'4. Fuzzifikasi TFN'!J22+'4. Fuzzifikasi TFN'!M22+'4. Fuzzifikasi TFN'!P22+'4. Fuzzifikasi TFN'!S22
A9: K4 | B9: ='4. Fuzzifikasi TFN'!B23+'4. Fuzzifikasi TFN'!E23+'4. Fuzzifikasi TFN'!H23+'4. Fuzzifikasi TFN'!K23+'4. Fuzzifikasi TFN'!N23+'4. Fuzzifikasi TFN'!Q23 | C9: ='4. Fuzzifikasi TFN'!C23+'4. Fuzzifikasi TFN'!F23+'4. Fuzzifikasi TFN'!I23+'4. Fuzzifikasi TFN'!L23+'4. Fuzzifikasi TFN'!O23+'4. Fuzzifikasi TFN'!R23 | D9: ='4. Fuzzifikasi TFN'!D23+'4. Fuzzifikasi TFN'!G23+'4. Fuzzifikasi TFN'!J23+'4. Fuzzifikasi TFN'!M23+'4. Fuzzifikasi TFN'!P23+'4. Fuzzifikasi TFN'!S23
A10: K5 | B10: ='4. Fuzzifikasi TFN'!B24+'4. Fuzzifikasi TFN'!E24+'4. Fuzzifikasi TFN'!H24+'4. Fuzzifikasi TFN'!K24+'4. Fuzzifikasi TFN'!N24+'4. Fuzzifikasi TFN'!Q24 | C10: ='4. Fuzzifikasi TFN'!C24+'4. Fuzzifikasi TFN'!F24+'4. Fuzzifikasi TFN'!I24+'4. Fuzzifikasi TFN'!L24+'4. Fuzzifikasi TFN'!O24+'4. Fuzzifikasi TFN'!R24 | D10: ='4. Fuzzifikasi TFN'!D24+'4. Fuzzifikasi TFN'!G24+'4. Fuzzifikasi TFN'!J24+'4. Fuzzifikasi TFN'!M24+'4. Fuzzifikasi TFN'!P24+'4. Fuzzifikasi TFN'!S24
A11: K6 | B11: ='4. Fuzzifikasi TFN'!B25+'4. Fuzzifikasi TFN'!E25+'4. Fuzzifikasi TFN'!H25+'4. Fuzzifikasi TFN'!K25+'4. Fuzzifikasi TFN'!N25+'4. Fuzzifikasi TFN'!Q25 | C11: ='4. Fuzzifikasi TFN'!C25+'4. Fuzzifikasi TFN'!F25+'4. Fuzzifikasi TFN'!I25+'4. Fuzzifikasi TFN'!L25+'4. Fuzzifikasi TFN'!O25+'4. Fuzzifikasi TFN'!R25 | D11: ='4. Fuzzifikasi TFN'!D25+'4. Fuzzifikasi TFN'!G25+'4. Fuzzifikasi TFN'!J25+'4. Fuzzifikasi TFN'!M25+'4. Fuzzifikasi TFN'!P25+'4. Fuzzifikasi TFN'!S25
A12: Total | B12: =SUM(B6:B11) | C12: =SUM(C6:C11) | D12: =SUM(D6:D11)
A14: FUZZY SYNTHETIC EXTENT (Si)
A15: Rumus: Si = (Σ row) ⊗ (1/Total_u, 1/Total_m, 1/Total_l)
A16: Kriteria | B16: Si(l) | C16: Si(m) | D16: Si(u)
A17: K1 | B17: =B6/$D$12 | C17: =C6/$C$12 | D17: =D6/$B$12
A18: K2 | B18: =B7/$D$12 | C18: =C7/$C$12 | D18: =D7/$B$12
A19: K3 | B19: =B8/$D$12 | C19: =C8/$C$12 | D19: =D8/$B$12
A20: K4 | B20: =B9/$D$12 | C20: =C9/$C$12 | D20: =D9/$B$12
A21: K5 | B21: =B10/$D$12 | C21: =C10/$C$12 | D21: =D10/$B$12
A22: K6 | B22: =B11/$D$12 | C22: =C11/$C$12 | D22: =D11/$B$12

Sheet 6. Bobot Global
A1: LANGKAH 6: PERBANDINGAN PROBABILITAS, NORMALISASI & BOBOT GLOBAL
A2: V(Si ≥ Sk) dan d'(Ai) = min V(Si ≥ Sk)
A4: NILAI ORDINAT d'(Ai)
A5: Menggunakan Center of Area: d'(Ai) = (l + m + u) / 3
A6: Kriteria | B6: d'(Ai)
A7: K1 | B7: =('5. Synthetic Extent'!B17+'5. Synthetic Extent'!C17+'5. Synthetic Extent'!D17)/3
A8: K2 | B8: =('5. Synthetic Extent'!B18+'5. Synthetic Extent'!C18+'5. Synthetic Extent'!D18)/3
A9: K3 | B9: =('5. Synthetic Extent'!B19+'5. Synthetic Extent'!C19+'5. Synthetic Extent'!D19)/3
A10: K4 | B10: =('5. Synthetic Extent'!B20+'5. Synthetic Extent'!C20+'5. Synthetic Extent'!D20)/3
A11: K5 | B11: =('5. Synthetic Extent'!B21+'5. Synthetic Extent'!C21+'5. Synthetic Extent'!D21)/3
A12: K6 | B12: =('5. Synthetic Extent'!B22+'5. Synthetic Extent'!C22+'5. Synthetic Extent'!D22)/3
A13: Total | B13: =SUM(B7:B12)
A15: BOBOT GLOBAL TERNORMALISASI
A16: Rumus: Wi = d'(Ai) / Σ d'(Ai)
A17: Kriteria | B17: Bobot Global (Wi) | C17: Persentase
A18: Status Keaktifan di Gugus Depan | B18: =B7/$B$13 | C18: =B18*100
A19: Pencapaian SKU | B19: =B8/$B$13 | C19: =B19*100
A20: Pencapaian SPG | B20: =B9/$B$13 | C20: =B20*100
A21: Kesehatan Jasmani dan Rohani | B21: =B10/$B$13 | C21: =B21*100
A22: Tes Wawancara | B22: =B11/$B$13 | C22: =B22*100
A23: Tes Pilihan Ganda | B23: =B12/$B$13 | C23: =B23*100
A24: Total | B24: =SUM(B18:B23) | C24: =SUM(C18:C23)

Sheet 7. Nilai Peserta
A1: LANGKAH 7: PERHITUNGAN NILAI PESERTA
A2: Skor Akhir = Σ (Nilai Kriteria × Bobot)
A4: BOBOT KRITERIA
A5: K1 | B5: K2 | C5: K3 | D5: K4 | E5: K5 | F5: K6
A6: ='6. Bobot Global'!B18 | B6: ='6. Bobot Global'!B19 | C6: ='6. Bobot Global'!B20 | D6: ='6. Bobot Global'!B21 | E6: ='6. Bobot Global'!B22 | F6: ='6. Bobot Global'!B23
A8: INPUT NILAI PESERTA
A9: No | B9: Nama Peserta | C9: K1 | D9: K2 | E9: K3 | F9: K4 | G9: K5 | H9: K6
A10: 1 | B10: David Kulian | C10: 85 | D10: 90 | E10: 88 | F10: 92 | G10: 87 | H10: 85
A11: 2 | B11: Siti Aminah | C11: 78 | D11: 85 | E11: 82 | F11: 88 | G11: 80 | H11: 78
A12: 3 | B12: Budi Santoso | C12: 92 | D12: 88 | E12: 90 | F12: 85 | G12: 88 | H12: 90
A13: 4 | B13: Dewi Lestari | C13: 80 | D13: 82 | E13: 85 | F13: 90 | G13: 82 | H13: 80
A14: 5 | B14: Ahmad Fauzi | C14: 88 | D14: 92 | E14: 87 | F14: 80 | G14: 90 | H14: 88
A17: PERHITUNGAN SKOR AKHIR
A18: No | B18: Nama Peserta | C18: K1×W | D18: K2×W | E18: K3×W | F18: K4×W | G18: K5×W | H18: K6×W | I18: Skor Akhir | J18: Ranking
A19: 1 | B19: =B10 | C19: =C10*$A$6 | D19: =D10*$B$6 | E19: =E10*$C$6 | F19: =F10*$D$6 | G19: =G10*$E$6 | H19: =H10*$F$6 | I19: =SUM(C19:H19) | J19: =RANK(I19,$I$19:$I$23,0)
A20: 2 | B20: =B11 | C20: =C11*$A$6 | D20: =D11*$B$6 | E20: =E11*$C$6 | F20: =F11*$D$6 | G20: =G11*$E$6 | H20: =H11*$F$6 | I20: =SUM(C20:H20) | J20: =RANK(I20,$I$19:$I$23,0)
A21: 3 | B21: =B12 | C21: =C12*$A$6 | D21: =D12*$B$6 | E21: =E12*$C$6 | F21: =F12*$D$6 | G21: =G12*$E$6 | H21: =H12*$F$6 | I21: =SUM(C21:H21) | J21: =RANK(I21,$I$19:$I$23,0)
A22: 4 | B22: =B13 | C22: =C13*$A$6 | D22: =D13*$B$6 | E22: =E13*$C$6 | F22: =F13*$D$6 | G22: =G13*$E$6 | H22: =H13*$F$6 | I22: =SUM(C22:H22) | J22: =RANK(I22,$I$19:$I$23,0)
A23: 5 | B23: =B14 | C23: =C14*$A$6 | D23: =D14*$B$6 | E23: =E14*$C$6 | F23: =F14*$D$6 | G23: =G14*$E$6 | H23: =H14*$F$6 | I23: =SUM(C23:H23) | J23: =RANK(I23,$I$19:$I$23,0)
