Workbook

Sheet Input
A1: FUZZY AHP - 3 PENILAI
A3: BOBOT KRITERIA
A4: Kode | B4: Kriteria | C4: Bobot
A5: K1 | B5: Status Keaktifan | C5: 5
A6: K2 | B6: Pencapaian SKU | C6: 8
A7: K3 | B7: Pencapaian SPG | C7: 7
A8: K4 | B8: Kesehatan Jasmani | C8: 2
A9: K5 | B9: Tes Wawancara | C9: 4
A10: K6 | B10: Tes Pilihan Ganda | C10: 8
A12: PESERTA
A13: No | B13: Nama
A14: 1 | B14: David Kulian
A15: 2 | B15: Siti Aminah
A16: 3 | B16: Budi Santoso
A17: 4 | B17: Dewi Lestari
A18: 5 | B18: Ahmad Fauzi
A19: 6 | B19: Rina Wati
A20: 7 | B20: Joko Susilo
A21: 8 | B21: Maya Sari
A22: 9 | B22: Andi Pratama
A23: 10 | B23: Lina Marlina

Sheet Penilai 1
A1: INPUT PENILAI 1 (Semua Kriteria K1-K6)
A3: No | B3: Nama | C3: K1 | D3: K2 | E3: K3 | F3: K4 | G3: K5 | H3: K6
A4: 1 | B4: =Input!B14 -> David Kulian | C4: 4 | D4: 5 | E4: 3 | F4: 4 | G4: 4 | H4: 88
A5: 2 | B5: =Input!B15 -> Siti Aminah | C5: 78 | D5: 82 | E5: 82 | F5: 88 | G5: 80 | H5: 78
A6: 3 | B6: =Input!B16 -> Budi Santoso | C6: 92 | D6: 88 | E6: 90 | F6: 85 | G6: 88 | H6: 90
A7: 4 | B7: =Input!B17 -> Dewi Lestari | C7: 80 | D7: 85 | E7: 85 | F7: 90 | G7: 82 | H7: 80
A8: 5 | B8: =Input!B18 -> Ahmad Fauzi | C8: 88 | D8: 90 | E8: 87 | F8: 80 | G8: 90 | H8: 88
A9: 6 | B9: =Input!B19 -> Rina Wati | C9: 75 | D9: 80 | E9: 80 | F9: 85 | G9: 85 | H9: 82
A10: 7 | B10: =Input!B20 -> Joko Susilo | C10: 82 | D10: 78 | E10: 88 | F10: 82 | G10: 80 | H10: 85
A11: 8 | B11: =Input!B21 -> Maya Sari | C11: 90 | D11: 85 | E11: 85 | F11: 88 | G11: 88 | H11: 92
A12: 9 | B12: =Input!B22 -> Andi Pratama | C12: 85 | D12: 82 | E12: 82 | F12: 85 | G12: 85 | H12: 80
A13: 10 | B13: =Input!B23 -> Lina Marlina | C13: 78 | D13: 80 | E13: 85 | F13: 90 | G13: 82 | H13: 85

Sheet Penilai 2
A1: INPUT PENILAI 2 (Semua Kriteria K1-K6)
A3: No | B3: Nama | C3: K1 | D3: K2 | E3: K3 | F3: K4 | G3: K5 | H3: K6
A4: 1 | B4: =Input!B14 -> David Kulian | C4: 4 | D4: 4 | E4: 3 | F4: 5 | G4: 4 | H4: 88
A5: 2 | B5: =Input!B15 -> Siti Aminah | C5: 82 | D5: 85 | E5: 88 | F5: 85 | G5: 82 | H5: 80
A6: 3 | B6: =Input!B16 -> Budi Santoso | C6: 90 | D6: 82 | E6: 85 | F6: 90 | G6: 90 | H6: 88
A7: 4 | B7: =Input!B17 -> Dewi Lestari | C7: 85 | D7: 88 | E7: 90 | F7: 85 | G7: 80 | H7: 82
A8: 5 | B8: =Input!B18 -> Ahmad Fauzi | C8: 87 | D8: 90 | E8: 80 | F8: 87 | G8: 88 | H8: 90
A9: 6 | B9: =Input!B19 -> Rina Wati | C9: 80 | D9: 78 | E9: 85 | F9: 80 | G9: 82 | H9: 85
A10: 7 | B10: =Input!B20 -> Joko Susilo | C10: 88 | D10: 82 | E10: 82 | F10: 88 | G10: 85 | H10: 80
A11: 8 | B11: =Input!B21 -> Maya Sari | C11: 85 | D11: 90 | E11: 88 | F11: 85 | G11: 92 | H11: 88
A12: 9 | B12: =Input!B22 -> Andi Pratama | C12: 82 | D12: 85 | E12: 85 | F12: 82 | G12: 80 | H12: 85
A13: 10 | B13: =Input!B23 -> Lina Marlina | C13: 85 | D13: 82 | E13: 90 | F13: 85 | G13: 85 | H13: 82

Sheet Penilai 3
A1: INPUT PENILAI 3 (Semua Kriteria K1-K6)
A3: No | B3: Nama | C3: K1 | D3: K2 | E3: K3 | F3: K4 | G3: K5 | H3: K6
A4: 1 | B4: =Input!B14 -> David Kulian | C4: 3 | D4: 4 | E4: 5 | F4: 4 | G4: 4 | H4: 88
A5: 2 | B5: =Input!B15 -> Siti Aminah | C5: 80 | D5: 80 | E5: 78 | F5: 82 | G5: 78 | H5: 80
A6: 3 | B6: =Input!B16 -> Budi Santoso | C6: 88 | D6: 90 | E6: 90 | F6: 88 | G6: 90 | H6: 88
A7: 4 | B7: =Input!B17 -> Dewi Lestari | C7: 82 | D7: 85 | E7: 80 | F7: 88 | G7: 80 | H7: 82
A8: 5 | B8: =Input!B18 -> Ahmad Fauzi | C8: 90 | D8: 88 | E8: 88 | F8: 85 | G8: 90 | H8: 87
A9: 6 | B9: =Input!B19 -> Rina Wati | C9: 85 | D9: 82 | E9: 82 | F9: 78 | G9: 82 | H9: 80
A10: 7 | B10: =Input!B20 -> Joko Susilo | C10: 80 | D10: 85 | E10: 85 | F10: 80 | G10: 85 | H10: 82
A11: 8 | B11: =Input!B21 -> Maya Sari | C11: 88 | D11: 88 | E11: 92 | F11: 90 | G11: 88 | H11: 90
A12: 9 | B12: =Input!B22 -> Andi Pratama | C12: 85 | D12: 80 | E12: 80 | F12: 85 | G12: 80 | H12: 82
A13: 10 | B13: =Input!B23 -> Lina Marlina | C13: 82 | D13: 85 | E13: 85 | F13: 82 | G13: 85 | H13: 80

Sheet Rekap Nilai
A1: REKAP NILAI (RATA-RATA 3 PENILAI)
A2: Nilai = AVERAGE(Penilai1, Penilai2, Penilai3) per kriteria
A4: No | B4: Nama | C4: K1 | D4: K2 | E4: K3 | F4: K4 | G4: K5 | H4: K6
A5: 1 | B5: =Input!B14 -> David Kulian | C5: =AVERAGE('Penilai 1'!C4,'Penilai 2'!C4,'Penilai 3'!C4) -> 3.6666667 | D5: =AVERAGE('Penilai 1'!D4,'Penilai 2'!D4,'Penilai 3'!D4) -> 4.3333333 | E5: =AVERAGE('Penilai 1'!E4,'Penilai 2'!E4,'Penilai 3'!E4) -> 3.6666667 | F5: =AVERAGE('Penilai 1'!F4,'Penilai 2'!F4,'Penilai 3'!F4) -> 4.3333333 | G5: =AVERAGE('Penilai 1'!G4,'Penilai 2'!G4,'Penilai 3'!G4) -> 4 | H5: =AVERAGE('Penilai 1'!H4,'Penilai 2'!H4,'Penilai 3'!H4) -> 88
A6: 2 | B6: =Input!B15 -> Siti Aminah | C6: =AVERAGE('Penilai 1'!C5,'Penilai 2'!C5,'Penilai 3'!C5) -> 80 | D6: =AVERAGE('Penilai 1'!D5,'Penilai 2'!D5,'Penilai 3'!D5) -> 82.333333 | E6: =AVERAGE('Penilai 1'!E5,'Penilai 2'!E5,'Penilai 3'!E5) -> 82.666667 | F6: =AVERAGE('Penilai 1'!F5,'Penilai 2'!F5,'Penilai 3'!F5) -> 85 | G6: =AVERAGE('Penilai 1'!G5,'Penilai 2'!G5,'Penilai 3'!G5) -> 80 | H6: =AVERAGE('Penilai 1'!H5,'Penilai 2'!H5,'Penilai 3'!H5) -> 79.333333
A7: 3 | B7: =Input!B16 -> Budi Santoso | C7: =AVERAGE('Penilai 1'!C6,'Penilai 2'!C6,'Penilai 3'!C6) -> 90 | D7: =AVERAGE('Penilai 1'!D6,'Penilai 2'!D6,'Penilai 3'!D6) -> 86.666667 | E7: =AVERAGE('Penilai 1'!E6,'Penilai 2'!E6,'Penilai 3'!E6) -> 88.333333 | F7: =AVERAGE('Penilai 1'!F6,'Penilai 2'!F6,'Penilai 3'!F6) -> 87.666667 | G7: =AVERAGE('Penilai 1'!G6,'Penilai 2'!G6,'Penilai 3'!G6) -> 89.333333 | H7: =AVERAGE('Penilai 1'!H6,'Penilai 2'!H6,'Penilai 3'!H6) -> 88.666667
A8: 4 | B8: =Input!B17 -> Dewi Lestari | C8: =AVERAGE('Penilai 1'!C7,'Penilai 2'!C7,'Penilai 3'!C7) -> 82.333333 | D8: =AVERAGE('Penilai 1'!D7,'Penilai 2'!D7,'Penilai 3'!D7) -> 86 | E8: =AVERAGE('Penilai 1'!E7,'Penilai 2'!E7,'Penilai 3'!E7) -> 85 | F8: =AVERAGE('Penilai 1'!F7,'Penilai 2'!F7,'Penilai 3'!F7) -> 87.666667 | G8: =AVERAGE('Penilai 1'!G7,'Penilai 2'!G7,'Penilai 3'!G7) -> 80.666667 | H8: =AVERAGE('Penilai 1'!H7,'Penilai 2'!H7,'Penilai 3'!H7) -> 81.333333
A9: 5 | B9: =Input!B18 -> Ahmad Fauzi | C9: =AVERAGE('Penilai 1'!C8,'Penilai 2'!C8,'Penilai 3'!C8) -> 88.333333 | D9: =AVERAGE('Penilai 1'!D8,'Penilai 2'!D8,'Penilai 3'!D8) -> 89.333333 | E9: =AVERAGE('Penilai 1'!E8,'Penilai 2'!E8,'Penilai 3'!E8) -> 85 | F9: =AVERAGE('Penilai 1'!F8,'Penilai 2'!F8,'Penilai 3'!F8) -> 84 | G9: =AVERAGE('Penilai 1'!G8,'Penilai 2'!G8,'Penilai 3'!G8) -> 89.333333 | H9: =AVERAGE('Penilai 1'!H8,'Penilai 2'!H8,'Penilai 3'!H8) -> 88.333333
A10: 6 | B10: =Input!B19 -> Rina Wati | C10: =AVERAGE('Penilai 1'!C9,'Penilai 2'!C9,'Penilai 3'!C9) -> 80 | D10: =AVERAGE('Penilai 1'!D9,'Penilai 2'!D9,'Penilai 3'!D9) -> 80 | E10: =AVERAGE('Penilai 1'!E9,'Penilai 2'!E9,'Penilai 3'!E9) -> 82.333333 | F10: =AVERAGE('Penilai 1'!F9,'Penilai 2'!F9,'Penilai 3'!F9) -> 81 | G10: =AVERAGE('Penilai 1'!G9,'Penilai 2'!G9,'Penilai 3'!G9) -> 83 | H10: =AVERAGE('Penilai 1'!H9,'Penilai 2'!H9,'Penilai 3'!H9) -> 82.333333
A11: 7 | B11: =Input!B20 -> Joko Susilo | C11: =AVERAGE('Penilai 1'!C10,'Penilai 2'!C10,'Penilai 3'!C10) -> 83.333333 | D11: =AVERAGE('Penilai 1'!D10,'Penilai 2'!D10,'Penilai 3'!D10) -> 81.666667 | E11: =AVERAGE('Penilai 1'!E10,'Penilai 2'!E10,'Penilai 3'!E10) -> 85 | F11: =AVERAGE('Penilai 1'!F10,'Penilai 2'!F10,'Penilai 3'!F10) -> 83.333333 | G11: =AVERAGE('Penilai 1'!G10,'Penilai 2'!G10,'Penilai 3'!G10) -> 83.333333 | H11: =AVERAGE('Penilai 1'!H10,'Penilai 2'!H10,'Penilai 3'!H10) -> 82.333333
A12: 8 | B12: =Input!B21 -> Maya Sari | C12: =AVERAGE('Penilai 1'!C11,'Penilai 2'!C11,'Penilai 3'!C11) -> 87.666667 | D12: =AVERAGE('Penilai 1'!D11,'Penilai 2'!D11,'Penilai 3'!D11) -> 87.666667 | E12: =AVERAGE('Penilai 1'!E11,'Penilai 2'!E11,'Penilai 3'!E11) -> 88.333333 | F12: =AVERAGE('Penilai 1'!F11,'Penilai 2'!F11,'Penilai 3'!F11) -> 87.666667 | G12: =AVERAGE('Penilai 1'!G11,'Penilai 2'!G11,'Penilai 3'!G11) -> 89.333333 | H12: =AVERAGE('Penilai 1'!H11,'Penilai 2'!H11,'Penilai 3'!H11) -> 90
A13: 9 | B13: =Input!B22 -> Andi Pratama | C13: =AVERAGE('Penilai 1'!C12,'Penilai 2'!C12,'Penilai 3'!C12) -> 84 | D13: =AVERAGE('Penilai 1'!D12,'Penilai 2'!D12,'Penilai 3'!D12) -> 82.333333 | E13: =AVERAGE('Penilai 1'!E12,'Penilai 2'!E12,'Penilai 3'!E12) -> 82.333333 | F13: =AVERAGE('Penilai 1'!F12,'Penilai 2'!F12,'Penilai 3'!F12) -> 84 | G13: =AVERAGE('Penilai 1'!G12,'Penilai 2'!G12,'Penilai 3'!G12) -> 81.666667 | H13: =AVERAGE('Penilai 1'!H12,'Penilai 2'!H12,'Penilai 3'!H12) -> 82.333333
A14: 10 | B14: =Input!B23 -> Lina Marlina | C14: =AVERAGE('Penilai 1'!C13,'Penilai 2'!C13,'Penilai 3'!C13) -> 81.666667 | D14: =AVERAGE('Penilai 1'!D13,'Penilai 2'!D13,'Penilai 3'!D13) -> 82.333333 | E14: =AVERAGE('Penilai 1'!E13,'Penilai 2'!E13,'Penilai 3'!E13) -> 86.666667 | F14: =AVERAGE('Penilai 1'!F13,'Penilai 2'!F13,'Penilai 3'!F13) -> 85.666667 | G14: =AVERAGE('Penilai 1'!G13,'Penilai 2'!G13,'Penilai 3'!G13) -> 84 | H14: =AVERAGE('Penilai 1'!H13,'Penilai 2'!H13,'Penilai 3'!H13) -> 82.333333

Sheet Langkah 1-3
A1: LANGKAH 1-3: MATRIKS CRISP, EIGENVECTOR & UJI KONSISTENSI
A3: LANGKAH 1: MATRIKS PERBANDINGAN BERPASANGAN (CRISP)
B4: K1 | C4: K2 | D4: K3 | E4: K4 | F4: K5 | G4: K6
A5: K1 | B5: 1 | C5: =IF(Input!$C$5/Input!$C$6>=1,MIN(9,MAX(1,Input!$C$5/Input!$C$6)),MAX(1/9,Input!$C$5/Input!$C$6)) -> 0.625 | D5: =IF(Input!$C$5/Input!$C$7>=1,MIN(9,MAX(1,Input!$C$5/Input!$C$7)),MAX(1/9,Input!$C$5/Input!$C$7)) -> 0.71428571 | E5: =IF(Input!$C$5/Input!$C$8>=1,MIN(9,MAX(1,Input!$C$5/Input!$C$8)),MAX(1/9,Input!$C$5/Input!$C$8)) -> 2.5 | F5: =IF(Input!$C$5/Input!$C$9>=1,MIN(9,MAX(1,Input!$C$5/Input!$C$9)),MAX(1/9,Input!$C$5/Input!$C$9)) -> 1.25 | G5: =IF(Input!$C$5/Input!$C$10>=1,MIN(9,MAX(1,Input!$C$5/Input!$C$10)),MAX(1/9,Input!$C$5/Input!$C$10)) -> 0.625
A6: K2 | B6: =IF(Input!$C$6/Input!$C$5>=1,MIN(9,MAX(1,Input!$C$6/Input!$C$5)),MAX(1/9,Input!$C$6/Input!$C$5)) -> 1.6 | C6: 1 | D6: =IF(Input!$C$6/Input!$C$7>=1,MIN(9,MAX(1,Input!$C$6/Input!$C$7)),MAX(1/9,Input!$C$6/Input!$C$7)) -> 1.1428571 | E6: =IF(Input!$C$6/Input!$C$8>=1,MIN(9,MAX(1,Input!$C$6/Input!$C$8)),MAX(1/9,Input!$C$6/Input!$C$8)) -> 4 | F6: =IF(Input!$C$6/Input!$C$9>=1,MIN(9,MAX(1,Input!$C$6/Input!$C$9)),MAX(1/9,Input!$C$6/Input!$C$9)) -> 2 | G6: =IF(Input!$C$6/Input!$C$10>=1,MIN(9,MAX(1,Input!$C$6/Input!$C$10)),MAX(1/9,Input!$C$6/Input!$C$10)) -> 1
A7: K3 | B7: =IF(Input!$C$7/Input!$C$5>=1,MIN(9,MAX(1,Input!$C$7/Input!$C$5)),MAX(1/9,Input!$C$7/Input!$C$5)) -> 1.4 | C7: =IF(Input!$C$7/Input!$C$6>=1,MIN(9,MAX(1,Input!$C$7/Input!$C$6)),MAX(1/9,Input!$C$7/Input!$C$6)) -> 0.875 | D7: 1 | E7: =IF(Input!$C$7/Input!$C$8>=1,MIN(9,MAX(1,Input!$C$7/Input!$C$8)),MAX(1/9,Input!$C$7/Input!$C$8)) -> 3.5 | F7: =IF(Input!$C$7/Input!$C$9>=1,MIN(9,MAX(1,Input!$C$7/Input!$C$9)),MAX(1/9,Input!$C$7/Input!$C$9)) -> 1.75 | G7: =IF(Input!$C$7/Input!$C$10>=1,MIN(9,MAX(1,Input!$C$7/Input!$C$10)),MAX(1/9,Input!$C$7/Input!$C$10)) -> 0.875
A8: K4 | B8: =IF(Input!$C$8/Input!$C$5>=1,MIN(9,MAX(1,Input!$C$8/Input!$C$5)),MAX(1/9,Input!$C$8/Input!$C$5)) -> 0.4 | C8: =IF(Input!$C$8/Input!$C$6>=1,MIN(9,MAX(1,Input!$C$8/Input!$C$6)),MAX(1/9,Input!$C$8/Input!$C$6)) -> 0.25 | D8: =IF(Input!$C$8/Input!$C$7>=1,MIN(9,MAX(1,Input!$C$8/Input!$C$7)),MAX(1/9,Input!$C$8/Input!$C$7)) -> 0.28571429 | E8: 1 | F8: =IF(Input!$C$8/Input!$C$9>=1,MIN(9,MAX(1,Input!$C$8/Input!$C$9)),MAX(1/9,Input!$C$8/Input!$C$9)) -> 0.5 | G8: =IF(Input!$C$8/Input!$C$10>=1,MIN(9,MAX(1,Input!$C$8/Input!$C$10)),MAX(1/9,Input!$C$8/Input!$C$10)) -> 0.25
A9: K5 | B9: =IF(Input!$C$9/Input!$C$5>=1,MIN(9,MAX(1,Input!$C$9/Input!$C$5)),MAX(1/9,Input!$C$9/Input!$C$5)) -> 0.8 | C9: =IF(Input!$C$9/Input!$C$6>=1,MIN(9,MAX(1,Input!$C$9/Input!$C$6)),MAX(1/9,Input!$C$9/Input!$C$6)) -> 0.5 | D9: =IF(Input!$C$9/Input!$C$7>=1,MIN(9,MAX(1,Input!$C$9/Input!$C$7)),MAX(1/9,Input!$C$9/Input!$C$7)) -> 0.57142857 | E9: =IF(Input!$C$9/Input!$C$8>=1,MIN(9,MAX(1,Input!$C$9/Input!$C$8)),MAX(1/9,Input!$C$9/Input!$C$8)) -> 2 | F9: 1 | G9: =IF(Input!$C$9/Input!$C$10>=1,MIN(9,MAX(1,Input!$C$9/Input!$C$10)),MAX(1/9,Input!$C$9/Input!$C$10)) -> 0.5
A10: K6 | B10: =IF(Input!$C$10/Input!$C$5>=1,MIN(9,MAX(1,Input!$C$10/Input!$C$5)),MAX(1/9,Input!$C$10/Input!$C$5)) -> 1.6 | C10: =IF(Input!$C$10/Input!$C$6>=1,MIN(9,MAX(1,Input!$C$10/Input!$C$6)),MAX(1/9,Input!$C$10/Input!$C$6)) -> 1 | D10: =IF(Input!$C$10/Input!$C$7>=1,MIN(9,MAX(1,Input!$C$10/Input!$C$7)),MAX(1/9,Input!$C$10/Input!$C$7)) -> 1.1428571 | E10: =IF(Input!$C$10/Input!$C$8>=1,MIN(9,MAX(1,Input!$C$10/Input!$C$8)),MAX(1/9,Input!$C$10/Input!$C$8)) -> 4 | F10: =IF(Input!$C$10/Input!$C$9>=1,MIN(9,MAX(1,Input!$C$10/Input!$C$9)),MAX(1/9,Input!$C$10/Input!$C$9)) -> 2 | G10: 1
A12: LANGKAH 2: PERHITUNGAN VECTOR EIGEN (GEOMETRIC MEAN)
A13: Kriteria | B13: Geometric Mean | C13: Eigenvector (Wi)
A14: Status Keaktifan | B14: =(B5*C5*D5*E5*F5*G5)^(1/6) -> 0.97741801 | C14: =B14/$B$20 -> 0.14705882
A15: Pencapaian SKU | B15: =(B6*C6*D6*E6*F6*G6)^(1/6) -> 1.5638688 | C15: =B15/$B$20 -> 0.23529412
A16: Pencapaian SPG | B16: =(B7*C7*D7*E7*F7*G7)^(1/6) -> 1.3683852 | C16: =B16/$B$20 -> 0.20588235
A17: Kesehatan Jasmani | B17: =(B8*C8*D8*E8*F8*G8)^(1/6) -> 0.3909672 | C17: =B17/$B$20 -> 0.058823529
A18: Tes Wawancara | B18: =(B9*C9*D9*E9*F9*G9)^(1/6) -> 0.78193441 | C18: =B18/$B$20 -> 0.11764706
A19: Tes Pilihan Ganda | B19: =(B10*C10*D10*E10*F10*G10)^(1/6) -> 1.5638688 | C19: =B19/$B$20 -> 0.23529412
A20: Total | B20: =SUM(B14:B19) -> 6.6464425 | C20: =SUM(C14:C19) -> 1
A22: LANGKAH 3: UJI KONSISTENSI
A23: Kriteria | B23: A*w | C23: (A*w)/w
A24: Status Keaktifan | B24: =B5*$C$14+C5*$C$15+D5*$C$16+E5*$C$17+F5*$C$18+G5*$C$19 -> 0.88235294 | C24: =B24/$C$14 -> 6
A25: Pencapaian SKU | B25: =B6*$C$14+C6*$C$15+D6*$C$16+E6*$C$17+F6*$C$18+G6*$C$19 -> 1.4117647 | C25: =B25/$C$15 -> 6
A26: Pencapaian SPG | B26: =B7*$C$14+C7*$C$15+D7*$C$16+E7*$C$17+F7*$C$18+G7*$C$19 -> 1.2352941 | C26: =B26/$C$16 -> 6
A27: Kesehatan Jasmani | B27: =B8*$C$14+C8*$C$15+D8*$C$16+E8*$C$17+F8*$C$18+G8*$C$19 -> 0.35294118 | C27: =B27/$C$17 -> 6
A28: Tes Wawancara | B28: =B9*$C$14+C9*$C$15+D9*$C$16+E9*$C$17+F9*$C$18+G9*$C$19 -> 0.70588235 | C28: =B28/$C$18 -> 6
A29: Tes Pilihan Ganda | B29: =B10*$C$14+C10*$C$15+D10*$C$16+E10*$C$17+F10*$C$18+G10*$C$19 -> 1.4117647 | C29: =B29/$C$19 -> 6
A31: Lambda Max: | B31: =AVERAGE(C24:C29) -> 6
A32: CI: | B32: =(B31-6)/(6-1) -> 0
A33: RI (n=6): | B33: 1.24
A34: CR: | B34: =B32/B33 -> 0
A35: Status: | B35: =IF(B34<=0.1,"KONSISTEN","TIDAK KONSISTEN") -> KONSISTEN

Sheet Langkah 4-6
A1: LANGKAH 4-6: FUZZIFIKASI, SYNTHETIC EXTENT & BOBOT GLOBAL
A3: LANGKAH 4: FUZZIFIKASI MATRIKS PERBANDINGAN BERPASANGAN | X3: Key | Y3: l | Z3: m | AA3: u
B4: K1 | E4: K2 | H4: K3 | K4: K4 | N4: K5 | Q4: K6 | X4: 1 | Y4: 1 | Z4: 1 | AA4: 1
B5: l | C5: m | D5: u | E5: l | F5: m | G5: u | H5: l | I5: m | J5: u | K5: l | L5: m | M5: u | N5: l | O5: m | P5: u | Q5: l | R5: m | S5: u | X5: 2 | Y5: 0.5 | Z5: 1 | AA5: 1.5
A6: K1 | B6: =IF('Langkah 1-3'!B$5>=1,VLOOKUP(MAX(1,MIN(9,IF(MOD(IF('Langkah 1-3'!B$5>=1,'Langkah 1-3'!B$5,1/'Langkah 1-3'!B$5),1)=0.5,2*ROUND(IF('Langkah 1-3'!B$5>=1,'Langkah 1-3'!B$5,1/'Langkah 1-3'!B$5)/2,0),ROUND(IF('Langkah 1-3'!B$5>=1,'Langkah 1-3'!B$5,1/'Langkah 1-3'!B$5),0)))),$X$4:$AA$12,2,FALSE),1/VLOOKUP(MAX(1,MIN(9,IF(MOD(IF('Langkah 1-3'!B$5>=1,'Langkah 1-3'!B$5,1/'Langkah 1-3'!B$5),1)=0.5,2*ROUND(IF('Langkah 1-3'!B$5>=1,'Langkah 1-3'!B$5,1/'Langkah 1-3'!B$5)/2,0),ROUND(IF('Langkah 1-3'!B$5>=1,'Langkah 1-3'!B$5,1/'Langkah 1-3'!B$5),0)))),$X$4:$AA$12,4,FALSE)) -> 1 | C6: =IF('Langkah 1-3'!B$5>=1,VLOOKUP(MAX(1,MIN(9,IF(MOD(IF('Langkah 1-3'!B$5>=1,'Langkah 1-3'!B$5,1/'Langkah 1-3'!B$5),1)=0.5,2*ROUND(IF('Langkah 1-3'!B$5>=1,'Langkah 1-3'!B$5,1/'Langkah 1-3'!B$5)/2,0),ROUND(IF('Langkah 1-3'!B$5>=1,'Langkah 1-3'!B$5,1/'Langkah 1-3'!B$5),0)))),$X$4:$AA$12,3,FALSE),1/VLOOKUP(MAX(1,MIN(9,IF(MOD(IF('Langkah 1-3'!B$5>=1,'Langkah 1-3'!B$5,1/'Langkah 1-3'!B$5),1)=0.5,2*ROUND(IF('Langkah 1-3'!B$5>=1,'Langkah 1-3'!B$5,1/'Langkah 1-3'!B$5)/2,0),ROUND(IF('Langkah 1-3'!B$5>=1,'Langkah 1-3'!B$5,1/'Langkah 1-3'!B$5),0)))),$X$4:$AA$12,3,FALSE)) -> 1 | D6: =IF('Langkah 1-3'!B$5>=1,VLOOKUP(MAX(1,MIN(9,IF(MOD(IF('Langkah 1-3'!B$5>=1,'Langkah 1-3'!B$5,1/'Langkah 1-3'!B$5),1)=0.5,2*ROUND(IF('Langkah 1-3'!B$5>=1,'Langkah 1-3'!B$5,1/'Langkah 1-3'!B$5)/2,0),ROUND(IF('Langkah 1-3'!B$5>=1,'Langkah 1-3'!B$5,1/'Langkah 1-3'!B$5),0)))),$X$4:$AA$12,4,FALSE),1/VLOOKUP(MAX(1,MIN(9,IF(MOD(IF('Langkah 1-3'!B$5>=1,'Langkah 1-3'!B$5,1/'Langkah 1-3'!B$5),1)=0.5,2*ROUND(IF('Langkah 1-3'!B$5>=1,'Langkah 1-3'!B$5,1/'Langkah 1-3'!B$5)/2,0),ROUND(IF('Langkah 1-3'!B$5>=1,'Langkah 1-3'!B$5,1/'Langkah 1-3'!B$5),0)))),$X$4:$AA$12,2,FALSE)) -> 1 | E6: =IF('Langkah 1-3'!C$5>=1,VLOOKUP(MAX(1,MIN(9,IF(MOD(IF('Langkah 1-3'!C$5>=1,'Langkah 1-3'!C$5,1/'Langkah 1-3'!C$5),1)=0.5,2*ROUND(IF('Langkah 1-3'!C$5>=1,'Langkah 1-3'!C$5,1/'Langkah 1-3'!C$5)/2,0),ROUND(IF('Langkah 1-3'!C$5>=1,'Langkah 1-3'!C$5,1/'Langkah 1-3'!C$5),0)))),$X$4:$AA$12,2,FALSE),1/VLOOKUP(MAX(1,MIN(9,IF(MOD(IF('Langkah 1-3'!C$5>=1,'Langkah 1-3'!C$5,1/'Langkah 1-3'!C$5),1)=0.5,2*ROUND(IF('Langkah 1-3'!C$5>=1,'Langkah 1-3'!C$5,1/'Langkah 1-3'!C$5)/2,0),ROUND(IF('Langkah 1-3'!C$5>=1,'Langkah 1-3'!C$5,1/'Langkah 1-3'!C$5),0)))),$X$4:$AA$12,4,FALSE)) -> 0.66666667 | F6: =IF('Langkah 1-3'!C$5>=1,VLOOKUP(MAX(1,MIN(9,IF(MOD(IF('Langkah 1-3'!C$5>=1,'Langkah 1-3'!C$5,1/'Langkah 1-3'!C$5),1)=0.5,2*ROUND(IF('Langkah 1-3'!C$5>=1,'Langkah 1-3'!C$5,1/'Langkah 1-3'!C$5)/2,0),ROUND(IF('Langkah 1-3'!C$5>=1,'Langkah 1-3'!C$5,1/'Langkah 1-3'!C$5),0)))),$X$4:$AA$12,3,FALSE),1/VLOOKUP(MAX(1,MIN(9,IF(MOD(IF('Langkah 1-3'!C$5>=1,'Langkah 1-3'!C$5,1/'Langkah 1-3'!C$5),1)=0.5,2*ROUND(IF('Langkah 1-3'!C$5>=1,'Langkah 1-3'!C$5,1/'Langkah 1-3'!C$5)/2,0),ROUND(IF('Langkah 1-3'!C$5>=1,'Langkah 1-3'!C$5,1/'Langkah 1-3'!C$5),0)))),$X$4:$AA$12,3,FALSE)) -> 1 | G6: =IF('Langkah 1-3'!C$5>=1,VLOOKUP(MAX(1,MIN(9,IF(MOD(IF('Langkah 1-3'!C$5>=1,'Langkah 1-3'!C$5,1/'Langkah 1-3'!C$5),1)=0.5,2*ROUND(IF('Langkah 1-3'!C$5>=1,'Langkah 1-3'!C$5,1/'Langkah 1-3'!C$5)/2,0),ROUND(IF('Langkah 1-3'!C$5>=1,'Langkah 1-3'!C$5,1/'Langkah 1-3'!C$5),0)))),$X$4:$AA$12,4,FALSE),1/VLOOKUP(MAX(1,MIN(9,IF(MOD(IF('Langkah 1-3'!C$5>=1,'Langkah 1-3'!C$5,1/'Langkah 1-3'!C$5),1)=0.5,2*ROUND(IF('Langkah 1-3'!C$5>=1,'Langkah 1-3'!C$5,1/'Langkah 1-3'!C$5)/2,0),ROUND(IF('Langkah 1-3'!C$5>=1,'Langkah 1-3'!C$5,1/'Langkah 1-3'!C$5),0)))),$X$4:$AA$12,2,FALSE)) -> 2 | H6: =IF('Langkah 1-3'!D$5>=1,VLOOKUP(MAX(1,MIN(9,IF(MOD(IF('Langkah 1-3'!D$5>=1,'Langkah 1-3'!D$5,1/'Langkah 1-3'!D$5),1)=0.5,2*ROUND(IF('Langkah 1-3'!D$5>=1,'Langkah 1-3'!D$5,1/'Langkah 1-3'!D$5)/2,0),ROUND(IF('Langkah 1-3'!D$5>=1,'Langkah 1-3'!D$5,1/'Langkah 1-3'!D$5),0)))),$X$4:$AA$12,2,FALSE),1/VLOOKUP(MAX(1,MIN(9,IF(MOD(IF('Langkah 1-3'!D$5>=1,'Langkah 1-3'!D$5,1/'Langkah 1-3'!D$5),1)=0.5,2*ROUND(IF('Langkah 1-3'!D$5>=1,'Langkah 1-3'!D$5,1/'Langkah 1-3'!D$5)/2,0),ROUND(IF('Langkah 1-3'!D$5>=1,'Langkah 1-3'!D$5,1/'Langkah 1-3'!D$5),0)))),$X$4:$AA$12,4,FALSE)) -> 1 | I6: =IF('Langkah 1-3'!D$5>=1,VLOOKUP(MAX(1,MIN(9,IF(MOD(IF('Langkah 1-3'!D$5>=1,'Langkah 1-3'!D$5,1/'Langkah 1-3'!D$5),1)=0.5,2*ROUND(IF('Langkah 1-3'!D$5>=1,'Langkah 1-3'!D$5,1/'Langkah 1-3'!D$5)/2,0),ROUND(IF('Langkah 1-3'!D$5>=1,'Langkah 1-3'!D$5,1/'Langkah 1-3'!D$5),0)))),$X$4:$AA$12,3,FALSE),1/VLOOKUP(MAX(1,MIN(9,IF(MOD(IF('Langkah 1-3'!D$5>=1,'Langkah 1-3'!D$5,1/'Langkah 1-3'!D$5),1)=0.5,2*ROUND(IF('Langkah 1-3'!D$5>=1,'Langkah 1-3'!D$5,1/'Langkah 1-3'!D$5)/2,0),ROUND(IF('Langkah 1-3'!D$5>=1,'Langkah 1-3'!D$5,1/'Langkah 1-3'!D$5),0)))),$X$4:$AA$12,3,FALSE)) -> 1 | J6: =IF('Langkah 1-3'!D$5>=1,VLOOKUP(MAX(1,MIN(9,IF(MOD(IF('Langkah 1-3'!D$5>=1,'Langkah 1-3'!D$5,1/'Langkah 1-3'!D$5),1)=0.5,2*ROUND(IF('Langkah 1-3'!D$5>=1,'Langkah 1-3'!D$5,1/'Langkah 1-3'!D$5)/2,0),ROUND(IF('Langkah 1-3'!D$5>=1,'Langkah 1-3'!D$5,1/'Langkah 1-3'!D$5),0)))),$X$4:$AA$12,4,FALSE),1/VLOOKUP(MAX(1,MIN(9,IF(MOD(IF('Langkah 1-3'!D$5>=1,'Langkah 1-3'!D$5,1/'Langkah 1-3'!D$5),1)=0.5,2*ROUND(IF('Langkah 1-3'!D$5>=1,'Langkah 1-3'!D$5,1/'Langkah 1-3'!D$5)/2,0),ROUND(IF('Langkah 1-3'!D$5>=1,'Langkah 1-3'!D$5,1/'Langkah 1-3'!D$5),0)))),$X$4:$AA$12,2,FALSE)) -> 1 | K6: =IF('Langkah 1-3'!E$5>=1,VLOOKUP(MAX(1,MIN(9,IF(MOD(IF('Langkah 1-3'!E$5>=1,'Langkah 1-3'!E$5,1/'Langkah 1-3'!E$5),1)=0.5,2*ROUND(IF('Langkah 1-3'!E$5>=1,'Langkah 1-3'!E$5,1/'Langkah 1-3'!E$5)/2,0),ROUND(IF('Langkah 1-3'!E$5>=1,'Langkah 1-3'!E$5,1/'Langkah 1-3'!E$5),0)))),$X$4:$AA$12,2,FALSE),1/VLOOKUP(MAX(1,MIN(9,IF(MOD(IF('Langkah 1-3'!E$5>=1,'Langkah 1-3'!E$5,1/'Langkah 1-3'!E$5),1)=0.5,2*ROUND(IF('Langkah 1-3'!E$5>=1,'Langkah 1-3'!E$5,1/'Langkah 1-3'!E$5)/2,0),ROUND(IF('Langkah 1-3'!E$5>=1,'Langkah 1-3'!E$5,1/'Langkah 1-3'!E$5),0)))),$X$4:$AA$12,4,FALSE)) -> 0.5 | L6: =IF('Langkah 1-3'!E$5>=1,VLOOKUP(MAX(1,MIN(9,IF(MOD(IF('Langkah 1-3'!E$5>=1,'Langkah 1-3'!E$5,1/'Langkah 1-3'!E$5),1)=0.5,2*ROUND(IF('Langkah 1-3'!E$5>=1,'Langkah 1-3'!E$5,1/'Langkah 1-3'!E$5)/2,0),ROUND(IF('Langkah 1-3'!E$5>=1,'Langkah 1-3'!E$5,1/'Langkah 1-3'!E$5),0)))),$X$4:$AA$12,3,FALSE),1/VLOOKUP(MAX(1,MIN(9,IF(MOD(IF('Langkah 1-3'!E$5>=1,'Langkah 1-3'!E$5,1/'Langkah 1-3'!E$5),1)=0.5,2*ROUND(IF('Langkah 1-3'!E$5>=1,'Langkah 1-3'!E$5,1/'Langkah 1-3'!E$5)/2,0),ROUND(IF('Langkah 1-3'!E$5>=1,'Langkah 1-3'!E$5,1/'Langkah 1-3'!E$5),0)))),$X$4:$AA$12,3,FALSE)) -> 1 | M6: =IF('Langkah 1-3'!E$5>=1,VLOOKUP(MAX(1,MIN(9,IF(MOD(IF('Langkah 1-3'!E$5>=1,'Langkah 1-3'!E$5,1/'Langkah 1-3'!E$5),1)=0.5,2*ROUND(IF('Langkah 1-3'!E$5>=1,'Langkah 1-3'!E$5,1/'Langkah 1-3'!E$5)/2,0),ROUND(IF('Langkah 1-3'!E$5>=1,'Langkah 1-3'!E$5,1/'Langkah 1-3'!E$5),0)))),$X$4:$AA$12,4,FALSE),1/VLOOKUP(MAX(1,MIN(9,IF(MOD(IF('Langkah 1-3'!E$5>=1,'Langkah 1-3'!E$5,1/'Langkah 1-3'!E$5),1)=0.5,2*ROUND(IF('Langkah 1-3'!E$5>=1,'Langkah 1-3'!E$5,1/'Langkah 1-3'!E$5)/2,0),ROUND(IF('Langkah 1-3'!E$5>=1,'Langkah 1-3'!E$5,1/'Langkah 1-3'!E$5),0)))),$X$4:$AA$12,2,FALSE)) -> 1.5 | N6: =IF('Langkah 1-3'!F$5>=1,VLOOKUP(MAX(1,MIN(9,IF(MOD(IF('Langkah 1-3'!F$5>=1,'Langkah 1-3'!F$5,1/'Langkah 1-3'!F$5),1)=0.5,2*ROUND(IF('Langkah 1-3'!F$5>=1,'Langkah 1-3'!F$5,1/'Langkah 1-3'!F$5)/2,0),ROUND(IF('Langkah 1-3'!F$5>=1,'Langkah 1-3'!F$5,1/'Langkah 1-3'!F$5),0)))),$X$4:$AA$12,2,FALSE),1/VLOOKUP(MAX(1,MIN(9,IF(MOD(IF('Langkah 1-3'!F$5>=1,'Langkah 1-3'!F$5,1/'Langkah 1-3'!F$5),1)=0.5,2*ROUND(IF('Langkah 1-3'!F$5>=1,'Langkah 1-3'!F$5,1/'Langkah 1-3'!F$5)/2,0),ROUND(IF('Langkah 1-3'!F$5>=1,'Langkah 1-3'!F$5,1/'Langkah 1-3'!F$5),0)))),$X$4:$AA$12,4,FALSE)) -> 1 | O6: =IF('Langkah 1-3'!F$5>=1,VLOOKUP(MAX(1,MIN(9,IF(MOD(IF('Langkah 1-3'!F$5>=1,'Langkah 1-3'!F$5,1/'Langkah 1-3'!F$5),1)=0.5,2*ROUND(IF('Langkah 1-3'!F$5>=1,'Langkah 1-3'!F$5,1/'Langkah 1-3'!F$5)/2,0),ROUND(IF('Langkah 1-3'!F$5>=1,'Langkah 1-3'!F$5,1/'Langkah 1-3'!F$5),0)))),$X$4:$AA$12,3,FALSE),1/VLOOKUP(MAX(1,MIN(9,IF(MOD(IF('Langkah 1-3'!F$5>=1,'Langkah 1-3'!F$5,1/'Langkah 1-3'!F$5),1)=0.5,2*ROUND(IF('Langkah 1-3'!F$5>=1,'Langkah 1-3'!F$5,1/'Langkah 1-3'!F$5)/2,0),ROUND(IF('Langkah 1-3'!F$5>=1,'Langkah 1-3'!F$5,1/'Langkah 1-3'!F$5),0)))),$X$4:$AA$12,3,FALSE)) -> 1 | P6: =IF('Langkah 1-3'!F$5>=1,VLOOKUP(MAX(1,MIN(9,IF(MOD(IF('Langkah 1-3'!F$5>=1,'Langkah 1-3'!F$5,1/'Langkah 1-3'!F$5),1)=0.5,2*ROUND(IF('Langkah 1-3'!F$5>=1,'Langkah 1-3'!F$5,1/'Langkah 1-3'!F$5)/2,0),ROUND(IF('Langkah 1-3'!F$5>=1,'Langkah 1-3'!F$5,1/'Langkah 1-3'!F$5),0)))),$X$4:$AA$12,4,FALSE),1/VLOOKUP(MAX(1,MIN(9,IF(MOD(IF('Langkah 1-3'!F$5>=1,'Langkah 1-3'!F$5,1/'Langkah 1-3'!F$5),1)=0.5,2*ROUND(IF('Langkah 1-3'!F$5>=1,'Langkah 1-3'!F$5,1/'Langkah 1-3'!F$5)/2,0),ROUND(IF('Langkah 1-3'!F$5>=1,'Langkah 1-3'!F$5,1/'Langkah 1-3'!F$5),0)))),$X$4:$AA$12,2,FALSE)) -> 1 | Q6: =IF('Langkah 1-3'!G$5>=1,VLOOKUP(MAX(1,MIN(9,IF(MOD(IF('Langkah 1-3'!G$5>=1,'Langkah 1-3'!G$5,1/'Langkah 1-3'!G$5),1)=0.5,2*ROUND(IF('Langkah 1-3'!G$5>=1,'Langkah 1-3'!G$5,1/'Langkah 1-3'!G$5)/2,0),ROUND(IF('Langkah 1-3'!G$5>=1,'Langkah 1-3'!G$5,1/'Langkah 1-3'!G$5),0)))),$X$4:$AA$12,2,FALSE),1/VLOOKUP(MAX(1,MIN(9,IF(MOD(IF('Langkah 1-3'!G$5>=1,'Langkah 1-3'!G$5,1/'Langkah 1-3'!G$5),1)=0.5,2*ROUND(IF('Langkah 1-3'!G$5>=1,'Langkah 1-3'!G$5,1/'Langkah 1-3'!G$5)/2,0),ROUND(IF('Langkah 1-3'!G$5>=1,'Langkah 1-3'!G$5,1/'Langkah 1-3'!G$5),0)))),$X$4:$AA$12,4,FALSE)) -> 0.66666667 | R6: =IF('Langkah 1-3'!G$5>=1,VLOOKUP(MAX(1,MIN(9,IF(MOD(IF('Langkah 1-3'!G$5>=1,'Langkah 1-3'!G$5,1/'Langkah 1-3'!G$5),1)=0.5,2*ROUND(IF('Langkah 1-3'!G$5>=1,'Langkah 1-3'!G$5,1/'Langkah 1-3'!G$5)/2,0),ROUND(IF('Langkah 1-3'!G$5>=1,'Langkah 1-3'!G$5,1/'Langkah 1-3'!G$5),0)))),$X$4:$AA$12,3,FALSE),1/VLOOKUP(MAX(1,MIN(9,IF(MOD(IF('Langkah 1-3'!G$5>=1,'Langkah 1-3'!G$5,1/'Langkah 1-3'!G$5),1)=0.5,2*ROUND(IF('Langkah 1-3'!G$5>=1,'Langkah 1-3'!G$5,1/'Langkah 1-3'!G$5)/2,0),ROUND(IF('Langkah 1-3'!G$5>=1,'Langkah 1-3'!G$5,1/'Langkah 1-3'!G$5),0)))),$X$4:$AA$12,3,FALSE)) -> 1 | S6: =IF('Langkah 1-3'!G$5>=1,VLOOKUP(MAX(1,MIN(9,IF(MOD(IF('Langkah 1-3'!G$5>=1,'Langkah 1-3'!G$5,1/'Langkah 1-3'!G$5),1)=0.5,2*ROUND(IF('Langkah 1-3'!G$5>=1,'Langkah 1-3'!G$5,1/'Langkah 1-3'!G$5)/2,0),ROUND(IF('Langkah 1-3'!G$5>=1,'Langkah 1-3'!G$5,1/'Langkah 1-3'!G$5),0)))),$X$4:$AA$12,4,FALSE),1/VLOOKUP(MAX(1,MIN(9,IF(MOD(IF('Langkah 1-3'!G$5>=1,'Langkah 1-3'!G$5,1/'Langkah 1-3'!G$5),1)=0.5,2*ROUND(IF('Langkah 1-3'!G$5>=1,'Langkah 1-3'!G$5,1/'Langkah 1-3'!G$5)/2,0),ROUND(IF('Langkah 1-3'!G$5>=1,'Langkah 1-3'!G$5,1/'Langkah 1-3'!G$5),0)))),$X$4:$AA$12,2,FALSE)) -> 2 | X6: 3 | Y6: 1 | Z6: 1.5 | AA6: 2
A7: K2 | B7: =IF('Langkah 1-3'!B$6>=1,VLOOKUP(MAX(1,MIN(9,IF(MOD(IF('Langkah 1-3'!B$6>=1,'Langkah 1-3'!B$6,1/'Langkah 1-3'!B$6),1)=0.5,2*ROUND(IF('Langkah 1-3'!B$6>=1,'Langkah 1-3'!B$6,1/'Langkah 1-3'!B$6)/2,0),ROUND(IF('Langkah 1-3'!B$6>=1,'Langkah 1-3'!B$6,1/'Langkah 1-3'!B$6),0)))),$X$4:$AA$12,2,FALSE),1/VLOOKUP(MAX(1,MIN(9,IF(MOD(IF('Langkah 1-3'!B$6>=1,'Langkah 1-3'!B$6,1/'Langkah 1-3'!B$6),1)=0.5,2*ROUND(IF('Langkah 1-3'!B$6>=1,'Langkah 1-3'!B$6,1/'Langkah 1-3'!B$6)/2,0),ROUND(IF('Langkah 1-3'!B$6>=1,'Langkah 1-3'!B$6,1/'Langkah 1-3'!B$6),0)))),$X$4:$AA$12,4,FALSE)) -> 0.5 | C7: =IF('Langkah 1-3'!B$6>=1,VLOOKUP(MAX(1,MIN(9,IF(MOD(IF('Langkah 1-3'!B$6>=1,'Langkah 1-3'!B$6,1/'Langkah 1-3'!B$6),1)=0.5,2*ROUND(IF('Langkah 1-3'!B$6>=1,'Langkah 1-3'!B$6,1/'Langkah 1-3'!B$6)/2,0),ROUND(IF('Langkah 1-3'!B$6>=1,'Langkah 1-3'!B$6,1/'Langkah 1-3'!B$6),0)))),$X$4:$AA$12,3,FALSE),1/VLOOKUP(MAX(1,MIN(9,IF(MOD(IF('Langkah 1-3'!B$6>=1,'Langkah 1-3'!B$6,1/'Langkah 1-3'!B$6),1)=0.5,2*ROUND(IF('Langkah 1-3'!B$6>=1,'Langkah 1-3'!B$6,1/'Langkah 1-3'!B$6)/2,0),ROUND(IF('Langkah 1-3'!B$6>=1,'Langkah 1-3'!B$6,1/'Langkah 1-3'!B$6),0)))),$X$4:$AA$12,3,FALSE)) -> 1 | D7: =IF('Langkah 1-3'!B$6>=1,VLOOKUP(MAX(1,MIN(9,IF(MOD(IF('Langkah 1-3'!B$6>=1,'Langkah 1-3'!B$6,1/'Langkah 1-3'!B$6),1)=0.5,2*ROUND(IF('Langkah 1-3'!B$6>=1,'Langkah 1-3'!B$6,1/'Langkah 1-3'!B$6)/2,0),ROUND(IF('Langkah 1-3'!B$6>=1,'Langkah 1-3'!B$6,1/'Langkah 1-3'!B$6),0)))),$X$4:$AA$12,4,FALSE),1/VLOOKUP(MAX(1,MIN(9,IF(MOD(IF('Langkah 1-3'!B$6>=1,'Langkah 1-3'!B$6,1/'Langkah 1-3'!B$6),1)=0.5,2*ROUND(IF('Langkah 1-3'!B$6>=1,'Langkah 1-3'!B$6,1/'Langkah 1-3'!B$6)/2,0),ROUND(IF('Langkah 1-3'!B$6>=1,'Langkah 1-3'!B$6,1/'Langkah 1-3'!B$6),0)))),$X$4:$AA$12,2,FALSE)) -> 1.5 | E7: =IF('Langkah 1-3'!C$6>=1,VLOOKUP(MAX(1,MIN(9,IF(MOD(IF('Langkah 1-3'!C$6>=1,'Langkah 1-3'!C$6,1/'Langkah 1-3'!C$6),1)=0.5,2*ROUND(IF('Langkah 1-3'!C$6>=1,'Langkah 1-3'!C$6,1/'Langkah 1-3'!C$6)/2,0),ROUND(IF('Langkah 1-3'!C$6>=1,'Langkah 1-3'!C$6,1/'Langkah 1-3'!C$6),0)))),$X$4:$AA$12,2,FALSE),1/VLOOKUP(MAX(1,MIN(9,IF(MOD(IF('Langkah 1-3'!C$6>=1,'Langkah 1-3'!C$6,1/'Langkah 1-3'!C$6),1)=0.5,2*ROUND(IF('Langkah 1-3'!C$6>=1,'Langkah 1-3'!C$6,1/'Langkah 1-3'!C$6)/2,0),ROUND(IF('Langkah 1-3'!C$6>=1,'Langkah 1-3'!C$6,1/'Langkah 1-3'!C$6),0)))),$X$4:$AA$12,4,FALSE)) -> 1 | F7: =IF('Langkah 1-3'!C$6>=1,VLOOKUP(MAX(1,MIN(9,IF(MOD(IF('Langkah 1-3'!C$6>=1,'Langkah 1-3'!C$6,1/'Langkah 1-3'!C$6),1)=0.5,2*ROUND(IF('Langkah 1-3'!C$6>=1,'Langkah 1-3'!C$6,1/'Langkah 1-3'!C$6)/2,0),ROUND(IF('Langkah 1-3'!C$6>=1,'Langkah 1-3'!C$6,1/'Langkah 1-3'!C$6),0)))),$X$4:$AA$12,3,FALSE),1/VLOOKUP(MAX(1,MIN(9,IF(MOD(IF('Langkah 1-3'!C$6>=1,'Langkah 1-3'!C$6,1/'Langkah 1-3'!C$6),1)=0.5,2*ROUND(IF('Langkah 1-3'!C$6>=1,'Langkah 1-3'!C$6,1/'Langkah 1-3'!C$6)/2,0),ROUND(IF('Langkah 1-3'!C$6>=1,'Langkah 1-3'!C$6,1/'Langkah 1-3'!C$6),0)))),$X$4:$AA$12,3,FALSE)) -> 1 | G7: =IF('Langkah 1-3'!C$6>=1,VLOOKUP(MAX(1,MIN(9,IF(MOD(IF('Langkah 1-3'!C$6>=1,'Langkah 1-3'!C$6,1/'Langkah 1-3'!C$6),1)=0.5,2*ROUND(IF('Langkah 1-3'!C$6>=1,'Langkah 1-3'!C$6,1/'Langkah 1-3'!C$6)/2,0),ROUND(IF('Langkah 1-3'!C$6>=1,'Langkah 1-3'!C$6,1/'Langkah 1-3'!C$6),0)))),$X$4:$AA$12,4,FALSE),1/VLOOKUP(MAX(1,MIN(9,IF(MOD(IF('Langkah 1-3'!C$6>=1,'Langkah 1-3'!C$6,1/'Langkah 1-3'!C$6),1)=0.5,2*ROUND(IF('Langkah 1-3'!C$6>=1,'Langkah 1-3'!C$6,1/'Langkah 1-3'!C$6)/2,0),ROUND(IF('Langkah 1-3'!C$6>=1,'Langkah 1-3'!C$6,1/'Langkah 1-3'!C$6),0)))),$X$4:$AA$12,2,FALSE)) -> 1 | H7: =IF('Langkah 1-3'!D$6>=1,VLOOKUP(MAX(1,MIN(9,IF(MOD(IF('Langkah 1-3'!D$6>=1,'Langkah 1-3'!D$6,1/'Langkah 1-3'!D$6),1)=0.5,2*ROUND(IF('Langkah 1-3'!D$6>=1,'Langkah 1-3'!D$6,1/'Langkah 1-3'!D$6)/2,0),ROUND(IF('Langkah 1-3'!D$6>=1,'Langkah 1-3'!D$6,1/'Langkah 1-3'!D$6),0)))),$X$4:$AA$12,2,FALSE),1/VLOOKUP(MAX(1,MIN(9,IF(MOD(IF('Langkah 1-3'!D$6>=1,'Langkah 1-3'!D$6,1/'Langkah 1-3'!D$6),1)=0.5,2*ROUND(IF('Langkah 1-3'!D$6>=1,'Langkah 1-3'!D$6,1/'Langkah 1-3'!D$6)/2,0),ROUND(IF('Langkah 1-3'!D$6>=1,'Langkah 1-3'!D$6,1/'Langkah 1-3'!D$6),0)))),$X$4:$AA$12,4,FALSE)) -> 1 | I7: =IF('Langkah 1-3'!D$6>=1,VLOOKUP(MAX(1,MIN(9,IF(MOD(IF('Langkah 1-3'!D$6>=1,'Langkah 1-3'!D$6,1/'Langkah 1-3'!D$6),1)=0.5,2*ROUND(IF('Langkah 1-3'!D$6>=1,'Langkah 1-3'!D$6,1/'Langkah 1-3'!D$6)/2,0),ROUND(IF('Langkah 1-3'!D$6>=1,'Langkah 1-3'!D$6,1/'Langkah 1-3'!D$6),0)))),$X$4:$AA$12,3,FALSE),1/VLOOKUP(MAX(1,MIN(9,IF(MOD(IF('Langkah 1-3'!D$6>=1,'Langkah 1-3'!D$6,1/'Langkah 1-3'!D$6),1)=0.5,2*ROUND(IF('Langkah 1-3'!D$6>=1,'Langkah 1-3'!D$6,1/'Langkah 1-3'!D$6)/2,0),ROUND(IF('Langkah 1-3'!D$6>=1,'Langkah 1-3'!D$6,1/'Langkah 1-3'!D$6),0)))),$X$4:$AA$12,3,FALSE)) -> 1 | J7: =IF('Langkah 1-3'!D$6>=1,VLOOKUP(MAX(1,MIN(9,IF(MOD(IF('Langkah 1-3'!D$6>=1,'Langkah 1-3'!D$6,1/'Langkah 1-3'!D$6),1)=0.5,2*ROUND(IF('Langkah 1-3'!D$6>=1,'Langkah 1-3'!D$6,1/'Langkah 1-3'!D$6)/2,0),ROUND(IF('Langkah 1-3'!D$6>=1,'Langkah 1-3'!D$6,1/'Langkah 1-3'!D$6),0)))),$X$4:$AA$12,4,FALSE),1/VLOOKUP(MAX(1,MIN(9,IF(MOD(IF('Langkah 1-3'!D$6>=1,'Langkah 1-3'!D$6,1/'Langkah 1-3'!D$6),1)=0.5,2*ROUND(IF('Langkah 1-3'!D$6>=1,'Langkah 1-3'!D$6,1/'Langkah 1-3'!D$6)/2,0),ROUND(IF('Langkah 1-3'!D$6>=1,'Langkah 1-3'!D$6,1/'Langkah 1-3'!D$6),0)))),$X$4:$AA$12,2,FALSE)) -> 1 | K7: =IF('Langkah 1-3'!E$6>=1,VLOOKUP(MAX(1,MIN(9,IF(MOD(IF('Langkah 1-3'!E$6>=1,'Langkah 1-3'!E$6,1/'Langkah 1-3'!E$6),1)=0.5,2*ROUND(IF('Langkah 1-3'!E$6>=1,'Langkah 1-3'!E$6,1/'Langkah 1-3'!E$6)/2,0),ROUND(IF('Langkah 1-3'!E$6>=1,'Langkah 1-3'!E$6,1/'Langkah 1-3'!E$6),0)))),$X$4:$AA$12,2,FALSE),1/VLOOKUP(MAX(1,MIN(9,IF(MOD(IF('Langkah 1-3'!E$6>=1,'Langkah 1-3'!E$6,1/'Langkah 1-3'!E$6),1)=0.5,2*ROUND(IF('Langkah 1-3'!E$6>=1,'Langkah 1-3'!E$6,1/'Langkah 1-3'!E$6)/2,0),ROUND(IF('Langkah 1-3'!E$6>=1,'Langkah 1-3'!E$6,1/'Langkah 1-3'!E$6),0)))),$X$4:$AA$12,4,FALSE)) -> 1.5 | L7: =IF('Langkah 1-3'!E$6>=1,VLOOKUP(MAX(1,MIN(9,IF(MOD(IF('Langkah 1-3'!E$6>=1,'Langkah 1-3'!E$6,1/'Langkah 1-3'!E$6),1)=0.5,2*ROUND(IF('Langkah 1-3'!E$6>=1,'Langkah 1-3'!E$6,1/'Langkah 1-3'!E$6)/2,0),ROUND(IF('Langkah 1-3'!E$6>=1,'Langkah 1-3'!E$6,1/'Langkah 1-3'!E$6),0)))),$X$4:$AA$12,3,FALSE),1/VLOOKUP(MAX(1,MIN(9,IF(MOD(IF('Langkah 1-3'!E$6>=1,'Langkah 1-3'!E$6,1/'Langkah 1-3'!E$6),1)=0.5,2*ROUND(IF('Langkah 1-3'!E$6>=1,'Langkah 1-3'!E$6,1/'Langkah 1-3'!E$6)/2,0),ROUND(IF('Langkah 1-3'!E$6>=1,'Langkah 1-3'!E$6,1/'Langkah 1-3'!E$6),0)))),$X$4:$AA$12,3,FALSE)) -> 2 | M7: =IF('Langkah 1-3'!E$6>=1,VLOOKUP(MAX(1,MIN(9,IF(MOD(IF('Langkah 1-3'!E$6>=1,'Langkah 1-3'!E$6,1/'Langkah 1-3'!E$6),1)=0.5,2*ROUND(IF('Langkah 1-3'!E$6>=1,'Langkah 1-3'!E$6,1/'Langkah 1-3'!E$6)/2,0),ROUND(IF('Langkah 1-3'!E$6>=1,'Langkah 1-3'!E$6,1/'Langkah 1-3'!E$6),0)))),$X$4:$AA$12,4,FALSE),1/VLOOKUP(MAX(1,MIN(9,IF(MOD(IF('Langkah 1-3'!E$6>=1,'Langkah 1-3'!E$6,1/'Langkah 1-3'!E$6),1)=0.5,2*ROUND(IF('Langkah 1-3'!E$6>=1,'Langkah 1-3'!E$6,1/'Langkah 1-3'!E$6)/2,0),ROUND(IF('Langkah 1-3'!E$6>=1,'Langkah 1-3'!E$6,1/'Langkah 1-3'!E$6),0)))),$X$4:$AA$12,2,FALSE)) -> 2.5 | N7: =IF('Langkah 1-3'!F$6>=1,VLOOKUP(MAX(1,MIN(9,IF(MOD(IF('Langkah 1-3'!F$6>=1,'Langkah 1-3'!F$6,1/'Langkah 1-3'!F$6),1)=0.5,2*ROUND(IF('Langkah 1-3'!F$6>=1,'Langkah 1-3'!F$6,1/'Langkah 1-3'!F$6)/2,0),ROUND(IF('Langkah 1-3'!F$6>=1,'Langkah 1-3'!F$6,1/'Langkah 1-3'!F$6),0)))),$X$4:$AA$12,2,FALSE),1/VLOOKUP(MAX(1,MIN(9,IF(MOD(IF('Langkah 1-3'!F$6>=1,'Langkah 1-3'!F$6,1/'Langkah 1-3'!F$6),1)=0.5,2*ROUND(IF('Langkah 1-3'!F$6>=1,'Langkah 1-3'!F$6,1/'Langkah 1-3'!F$6)/2,0),ROUND(IF('Langkah 1-3'!F$6>=1,'Langkah 1-3'!F$6,1/'Langkah 1-3'!F$6),0)))),$X$4:$AA$12,4,FALSE)) -> 0.5 | O7: =IF('Langkah 1-3'!F$6>=1,VLOOKUP(MAX(1,MIN(9,IF(MOD(IF('Langkah 1-3'!F$6>=1,'Langkah 1-3'!F$6,1/'Langkah 1-3'!F$6),1)=0.5,2*ROUND(IF('Langkah 1-3'!F$6>=1,'Langkah 1-3'!F$6,1/'Langkah 1-3'!F$6)/2,0),ROUND(IF('Langkah 1-3'!F$6>=1,'Langkah 1-3'!F$6,1/'Langkah 1-3'!F$6),0)))),$X$4:$AA$12,3,FALSE),1/VLOOKUP(MAX(1,MIN(9,IF(MOD(IF('Langkah 1-3'!F$6>=1,'Langkah 1-3'!F$6,1/'Langkah 1-3'!F$6),1)=0.5,2*ROUND(IF('Langkah 1-3'!F$6>=1,'Langkah 1-3'!F$6,1/'Langkah 1-3'!F$6)/2,0),ROUND(IF('Langkah 1-3'!F$6>=1,'Langkah 1-3'!F$6,1/'Langkah 1-3'!F$6),0)))),$X$4:$AA$12,3,FALSE)) -> 1 | P7: =IF('Langkah 1-3'!F$6>=1,VLOOKUP(MAX(1,MIN(9,IF(MOD(IF('Langkah 1-3'!F$6>=1,'Langkah 1-3'!F$6,1/'Langkah 1-3'!F$6),1)=0.5,2*ROUND(IF('Langkah 1-3'!F$6>=1,'Langkah 1-3'!F$6,1/'Langkah 1-3'!F$6)/2,0),ROUND(IF('Langkah 1-3'!F$6>=1,'Langkah 1-3'!F$6,1/'Langkah 1-3'!F$6),0)))),$X$4:$AA$12,4,FALSE),1/VLOOKUP(MAX(1,MIN(9,IF(MOD(IF('Langkah 1-3'!F$6>=1,'Langkah 1-3'!F$6,1/'Langkah 1-3'!F$6),1)=0.5,2*ROUND(IF('Langkah 1-3'!F$6>=1,'Langkah 1-3'!F$6,1/'Langkah 1-3'!F$6)/2,0),ROUND(IF('Langkah 1-3'!F$6>=1,'Langkah 1-3'!F$6,1/'Langkah 1-3'!F$6),0)))),$X$4:$AA$12,2,FALSE)) -> 1.5 | Q7: =IF('Langkah 1-3'!G$6>=1,VLOOKUP(MAX(1,MIN(9,IF(MOD(IF('Langkah 1-3'!G$6>=1,'Langkah 1-3'!G$6,1/'Langkah 1-3'!G$6),1)=0.5,2*ROUND(IF('Langkah 1-3'!G$6>=1,'Langkah 1-3'!G$6,1/'Langkah 1-3'!G$6)/2,0),ROUND(IF('Langkah 1-3'!G$6>=1,'Langkah 1-3'!G$6,1/'Langkah 1-3'!G$6),0)))),$X$4:$AA$12,2,FALSE),1/VLOOKUP(MAX(1,MIN(9,IF(MOD(IF('Langkah 1-3'!G$6>=1,'Langkah 1-3'!G$6,1/'Langkah 1-3'!G$6),1)=0.5,2*ROUND(IF('Langkah 1-3'!G$6>=1,'Langkah 1-3'!G$6,1/'Langkah 1-3'!G$6)/2,0),ROUND(IF('Langkah 1-3'!G$6>=1,'Langkah 1-3'!G$6,1/'Langkah 1-3'!G$6),0)))),$X$4:$AA$12,4,FALSE)) -> 1 | R7: =IF('Langkah 1-3'!G$6>=1,VLOOKUP(MAX(1,MIN(9,IF(MOD(IF('Langkah 1-3'!G$6>=1,'Langkah 1-3'!G$6,1/'Langkah 1-3'!G$6),1)=0.5,2*ROUND(IF('Langkah 1-3'!G$6>=1,'Langkah 1-3'!G$6,1/'Langkah 1-3'!G$6)/2,0),ROUND(IF('Langkah 1-3'!G$6>=1,'Langkah 1-3'!G$6,1/'Langkah 1-3'!G$6),0)))),$X$4:$AA$12,3,FALSE),1/VLOOKUP(MAX(1,MIN(9,IF(MOD(IF('Langkah 1-3'!G$6>=1,'Langkah 1-3'!G$6,1/'Langkah 1-3'!G$6),1)=0.5,2*ROUND(IF('Langkah 1-3'!G$6>=1,'Langkah 1-3'!G$6,1/'Langkah 1-3'!G$6)/2,0),ROUND(IF('Langkah 1-3'!G$6>=1,'Langkah 1-3'!G$6,1/'Langkah 1-3'!G$6),0)))),$X$4:$AA$12,3,FALSE)) -> 1 | S7: =IF('Langkah 1-3'!G$6>=1,VLOOKUP(MAX(1,MIN(9,IF(MOD(IF('Langkah 1-3'!G$6>=1,'Langkah 1-3'!G$6,1/'Langkah 1-3'!G$6),1)=0.5,2*ROUND(IF('Langkah 1-3'!G$6>=1,'Langkah 1-3'!G$6,1/'Langkah 1-3'!G$6)/2,0),ROUND(IF('Langkah 1-3'!G$6>=1,'Langkah 1-3'!G$6,1/'Langkah 1-3'!G$6),0)))),$X$4:$AA$12,4,FALSE),1/VLOOKUP(MAX(1,MIN(9,IF(MOD(IF('Langkah 1-3'!G$6>=1,'Langkah 1-3'!G$6,1/'Langkah 1-3'!G$6),1)=0.5,2*ROUND(IF('Langkah 1-3'!G$6>=1,'Langkah 1-3'!G$6,1/'Langkah 1-3'!G$6)/2,0),ROUND(IF('Langkah 1-3'!G$6>=1,'Langkah 1-3'!G$6,1/'Langkah 1-3'!G$6),0)))),$X$4:$AA$12,2,FALSE)) -> 1 | X7: 4 | Y7: 1.5 | Z7: 2 | AA7: 2.5
A8: K3 | B8: =IF('Langkah 1-3'!B$7>=1,VLOOKUP(MAX(1,MIN(9,IF(MOD(IF('Langkah 1-3'!B$7>=1,'Langkah 1-3'!B$7,1/'Langkah 1-3'!B$7),1)=0.5,2*ROUND(IF('Langkah 1-3'!B$7>=1,'Langkah 1-3'!B$7,1/'Langkah 1-3'!B$7)/2,0),ROUND(IF('Langkah 1-3'!B$7>=1,'Langkah 1-3'!B$7,1/'Langkah 1-3'!B$7),0)))),$X$4:$AA$12,2,FALSE),1/VLOOKUP(MAX(1,MIN(9,IF(MOD(IF('Langkah 1-3'!B$7>=1,'Langkah 1-3'!B$7,1/'Langkah 1-3'!B$7),1)=0.5,2*ROUND(IF('Langkah 1-3'!B$7>=1,'Langkah 1-3'!B$7,1/'Langkah 1-3'!B$7)/2,0),ROUND(IF('Langkah 1-3'!B$7>=1,'Langkah 1-3'!B$7,1/'Langkah 1-3'!B$7),0)))),$X$4:$AA$12,4,FALSE)) -> 1 | C8: =IF('Langkah 1-3'!B$7>=1,VLOOKUP(MAX(1,MIN(9,IF(MOD(IF('Langkah 1-3'!B$7>=1,'Langkah 1-3'!B$7,1/'Langkah 1-3'!B$7),1)=0.5,2*ROUND(IF('Langkah 1-3'!B$7>=1,'Langkah 1-3'!B$7,1/'Langkah 1-3'!B$7)/2,0),ROUND(IF('Langkah 1-3'!B$7>=1,'Langkah 1-3'!B$7,1/'Langkah 1-3'!B$7),0)))),$X$4:$AA$12,3,FALSE),1/VLOOKUP(MAX(1,MIN(9,IF(MOD(IF('Langkah 1-3'!B$7>=1,'Langkah 1-3'!B$7,1/'Langkah 1-3'!B$7),1)=0.5,2*ROUND(IF('Langkah 1-3'!B$7>=1,'Langkah 1-3'!B$7,1/'Langkah 1-3'!B$7)/2,0),ROUND(IF('Langkah 1-3'!B$7>=1,'Langkah 1-3'!B$7,1/'Langkah 1-3'!B$7),0)))),$X$4:$AA$12,3,FALSE)) -> 1 | D8: =IF('Langkah 1-3'!B$7>=1,VLOOKUP(MAX(1,MIN(9,IF(MOD(IF('Langkah 1-3'!B$7>=1,'Langkah 1-3'!B$7,1/'Langkah 1-3'!B$7),1)=0.5,2*ROUND(IF('Langkah 1-3'!B$7>=1,'Langkah 1-3'!B$7,1/'Langkah 1-3'!B$7)/2,0),ROUND(IF('Langkah 1-3'!B$7>=1,'Langkah 1-3'!B$7,1/'Langkah 1-3'!B$7),0)))),$X$4:$AA$12,4,FALSE),1/VLOOKUP(MAX(1,MIN(9,IF(MOD(IF('Langkah 1-3'!B$7>=1,'Langkah 1-3'!B$7,1/'Langkah 1-3'!B$7),1)=0.5,2*ROUND(IF('Langkah 1-3'!B$7>=1,'Langkah 1-3'!B$7,1/'Langkah 1-3'!B$7)/2,0),ROUND(IF('Langkah 1-3'!B$7>=1,'Langkah 1-3'!B$7,1/'Langkah 1-3'!B$7),0)))),$X$4:$AA$12,2,FALSE)) -> 1 | E8: =IF('Langkah 1-3'!C$7>=1,VLOOKUP(MAX(1,MIN(9,IF(MOD(IF('Langkah 1-3'!C$7>=1,'Langkah 1-3'!C$7,1/'Langkah 1-3'!C$7),1)=0.5,2*ROUND(IF('Langkah 1-3'!C$7>=1,'Langkah 1-3'!C$7,1/'Langkah 1-3'!C$7)/2,0),ROUND(IF('Langkah 1-3'!C$7>=1,'Langkah 1-3'!C$7,1/'Langkah 1-3'!C$7),0)))),$X$4:$AA$12,2,FALSE),1/VLOOKUP(MAX(1,MIN(9,IF(MOD(IF('Langkah 1-3'!C$7>=1,'Langkah 1-3'!C$7,1/'Langkah 1-3'!C$7),1)=0.5,2*ROUND(IF('Langkah 1-3'!C$7>=1,'Langkah 1-3'!C$7,1/'Langkah 1-3'!C$7)/2,0),ROUND(IF('Langkah 1-3'!C$7>=1,'Langkah 1-3'!C$7,1/'Langkah 1-3'!C$7),0)))),$X$4:$AA$12,4,FALSE)) -> 1 | F8: =IF('Langkah 1-3'!C$7>=1,VLOOKUP(MAX(1,MIN(9,IF(MOD(IF('Langkah 1-3'!C$7>=1,'Langkah 1-3'!C$7,1/'Langkah 1-3'!C$7),1)=0.5,2*ROUND(IF('Langkah 1-3'!C$7>=1,'Langkah 1-3'!C$7,1/'Langkah 1-3'!C$7)/2,0),ROUND(IF('Langkah 1-3'!C$7>=1,'Langkah 1-3'!C$7,1/'Langkah 1-3'!C$7),0)))),$X$4:$AA$12,3,FALSE),1/VLOOKUP(MAX(1,MIN(9,IF(MOD(IF('Langkah 1-3'!C$7>=1,'Langkah 1-3'!C$7,1/'Langkah 1-3'!C$7),1)=0.5,2*ROUND(IF('Langkah 1-3'!C$7>=1,'Langkah 1-3'!C$7,1/'Langkah 1-3'!C$7)/2,0),ROUND(IF('Langkah 1-3'!C$7>=1,'Langkah 1-3'!C$7,1/'Langkah 1-3'!C$7),0)))),$X$4:$AA$12,3,FALSE)) -> 1 | G8: =IF('Langkah 1-3'!C$7>=1,VLOOKUP(MAX(1,MIN(9,IF(MOD(IF('Langkah 1-3'!C$7>=1,'Langkah 1-3'!C$7,1/'Langkah 1-3'!C$7),1)=0.5,2*ROUND(IF('Langkah 1-3'!C$7>=1,'Langkah 1-3'!C$7,1/'Langkah 1-3'!C$7)/2,0),ROUND(IF('Langkah 1-3'!C$7>=1,'Langkah 1-3'!C$7,1/'Langkah 1-3'!C$7),0)))),$X$4:$AA$12,4,FALSE),1/VLOOKUP(MAX(1,MIN(9,IF(MOD(IF('Langkah 1-3'!C$7>=1,'Langkah 1-3'!C$7,1/'Langkah 1-3'!C$7),1)=0.5,2*ROUND(IF('Langkah 1-3'!C$7>=1,'Langkah 1-3'!C$7,1/'Langkah 1-3'!C$7)/2,0),ROUND(IF('Langkah 1-3'!C$7>=1,'Langkah 1-3'!C$7,1/'Langkah 1-3'!C$7),0)))),$X$4:$AA$12,2,FALSE)) -> 1 | H8: =IF('Langkah 1-3'!D$7>=1,VLOOKUP(MAX(1,MIN(9,IF(MOD(IF('Langkah 1-3'!D$7>=1,'Langkah 1-3'!D$7,1/'Langkah 1-3'!D$7),1)=0.5,2*ROUND(IF('Langkah 1-3'!D$7>=1,'Langkah 1-3'!D$7,1/'Langkah 1-3'!D$7)/2,0),ROUND(IF('Langkah 1-3'!D$7>=1,'Langkah 1-3'!D$7,1/'Langkah 1-3'!D$7),0)))),$X$4:$AA$12,2,FALSE),1/VLOOKUP(MAX(1,MIN(9,IF(MOD(IF('Langkah 1-3'!D$7>=1,'Langkah 1-3'!D$7,1/'Langkah 1-3'!D$7),1)=0.5,2*ROUND(IF('Langkah 1-3'!D$7>=1,'Langkah 1-3'!D$7,1/'Langkah 1-3'!D$7)/2,0),ROUND(IF('Langkah 1-3'!D$7>=1,'Langkah 1-3'!D$7,1/'Langkah 1-3'!D$7),0)))),$X$4:$AA$12,4,FALSE)) -> 1 | I8: =IF('Langkah 1-3'!D$7>=1,VLOOKUP(MAX(1,MIN(9,IF(MOD(IF('Langkah 1-3'!D$7>=1,'Langkah 1-3'!D$7,1/'Langkah 1-3'!D$7),1)=0.5,2*ROUND(IF('Langkah 1-3'!D$7>=1,'Langkah 1-3'!D$7,1/'Langkah 1-3'!D$7)/2,0),ROUND(IF('Langkah 1-3'!D$7>=1,'Langkah 1-3'!D$7,1/'Langkah 1-3'!D$7),0)))),$X$4:$AA$12,3,FALSE),1/VLOOKUP(MAX(1,MIN(9,IF(MOD(IF('Langkah 1-3'!D$7>=1,'Langkah 1-3'!D$7,1/'Langkah 1-3'!D$7),1)=0.5,2*ROUND(IF('Langkah 1-3'!D$7>=1,'Langkah 1-3'!D$7,1/'Langkah 1-3'!D$7)/2,0),ROUND(IF('Langkah 1-3'!D$7>=1,'Langkah 1-3'!D$7,1/'Langkah 1-3'!D$7),0)))),$X$4:$AA$12,3,FALSE)) -> 1 | J8: =IF('Langkah 1-3'!D$7>=1,VLOOKUP(MAX(1,MIN(9,IF(MOD(IF('Langkah 1-3'!D$7>=1,'Langkah 1-3'!D$7,1/'Langkah 1-3'!D$7),1)=0.5,2*ROUND(IF('Langkah 1-3'!D$7>=1,'Langkah 1-3'!D$7,1/'Langkah 1-3'!D$7)/2,0),ROUND(IF('Langkah 1-3'!D$7>=1,'Langkah 1-3'!D$7,1/'Langkah 1-3'!D$7),0)))),$X$4:$AA$12,4,FALSE),1/VLOOKUP(MAX(1,MIN(9,IF(MOD(IF('Langkah 1-3'!D$7>=1,'Langkah 1-3'!D$7,1/'Langkah 1-3'!D$7),1)=0.5,2*ROUND(IF('Langkah 1-3'!D$7>=1,'Langkah 1-3'!D$7,1/'Langkah 1-3'!D$7)/2,0),ROUND(IF('Langkah 1-3'!D$7>=1,'Langkah 1-3'!D$7,1/'Langkah 1-3'!D$7),0)))),$X$4:$AA$12,2,FALSE)) -> 1 | K8: =IF('Langkah 1-3'!E$7>=1,VLOOKUP(MAX(1,MIN(9,IF(MOD(IF('Langkah 1-3'!E$7>=1,'Langkah 1-3'!E$7,1/'Langkah 1-3'!E$7),1)=0.5,2*ROUND(IF('Langkah 1-3'!E$7>=1,'Langkah 1-3'!E$7,1/'Langkah 1-3'!E$7)/2,0),ROUND(IF('Langkah 1-3'!E$7>=1,'Langkah 1-3'!E$7,1/'Langkah 1-3'!E$7),0)))),$X$4:$AA$12,2,FALSE),1/VLOOKUP(MAX(1,MIN(9,IF(MOD(IF('Langkah 1-3'!E$7>=1,'Langkah 1-3'!E$7,1/'Langkah 1-3'!E$7),1)=0.5,2*ROUND(IF('Langkah 1-3'!E$7>=1,'Langkah 1-3'!E$7,1/'Langkah 1-3'!E$7)/2,0),ROUND(IF('Langkah 1-3'!E$7>=1,'Langkah 1-3'!E$7,1/'Langkah 1-3'!E$7),0)))),$X$4:$AA$12,4,FALSE)) -> 1.5 | L8: =IF('Langkah 1-3'!E$7>=1,VLOOKUP(MAX(1,MIN(9,IF(MOD(IF('Langkah 1-3'!E$7>=1,'Langkah 1-3'!E$7,1/'Langkah 1-3'!E$7),1)=0.5,2*ROUND(IF('Langkah 1-3'!E$7>=1,'Langkah 1-3'!E$7,1/'Langkah 1-3'!E$7)/2,0),ROUND(IF('Langkah 1-3'!E$7>=1,'Langkah 1-3'!E$7,1/'Langkah 1-3'!E$7),0)))),$X$4:$AA$12,3,FALSE),1/VLOOKUP(MAX(1,MIN(9,IF(MOD(IF('Langkah 1-3'!E$7>=1,'Langkah 1-3'!E$7,1/'Langkah 1-3'!E$7),1)=0.5,2*ROUND(IF('Langkah 1-3'!E$7>=1,'Langkah 1-3'!E$7,1/'Langkah 1-3'!E$7)/2,0),ROUND(IF('Langkah 1-3'!E$7>=1,'Langkah 1-3'!E$7,1/'Langkah 1-3'!E$7),0)))),$X$4:$AA$12,3,FALSE)) -> 2 | M8: =IF('Langkah 1-3'!E$7>=1,VLOOKUP(MAX(1,MIN(9,IF(MOD(IF('Langkah 1-3'!E$7>=1,'Langkah 1-3'!E$7,1/'Langkah 1-3'!E$7),1)=0.5,2*ROUND(IF('Langkah 1-3'!E$7>=1,'Langkah 1-3'!E$7,1/'Langkah 1-3'!E$7)/2,0),ROUND(IF('Langkah 1-3'!E$7>=1,'Langkah 1-3'!E$7,1/'Langkah 1-3'!E$7),0)))),$X$4:$AA$12,4,FALSE),1/VLOOKUP(MAX(1,MIN(9,IF(MOD(IF('Langkah 1-3'!E$7>=1,'Langkah 1-3'!E$7,1/'Langkah 1-3'!E$7),1)=0.5,2*ROUND(IF('Langkah 1-3'!E$7>=1,'Langkah 1-3'!E$7,1/'Langkah 1-3'!E$7)/2,0),ROUND(IF('Langkah 1-3'!E$7>=1,'Langkah 1-3'!E$7,1/'Langkah 1-3'!E$7),0)))),$X$4:$AA$12,2,FALSE)) -> 2.5 | N8: =IF('Langkah 1-3'!F$7>=1,VLOOKUP(MAX(1,MIN(9,IF(MOD(IF('Langkah 1-3'!F$7>=1,'Langkah 1-3'!F$7,1/'Langkah 1-3'!F$7),1)=0.5,2*ROUND(IF('Langkah 1-3'!F$7>=1,'Langkah 1-3'!F$7,1/'Langkah 1-3'!F$7)/2,0),ROUND(IF('Langkah 1-3'!F$7>=1,'Langkah 1-3'!F$7,1/'Langkah 1-3'!F$7),0)))),$X$4:$AA$12,2,FALSE),1/VLOOKUP(MAX(1,MIN(9,IF(MOD(IF('Langkah 1-3'!F$7>=1,'Langkah 1-3'!F$7,1/'Langkah 1-3'!F$7),1)=0.5,2*ROUND(IF('Langkah 1-3'!F$7>=1,'Langkah 1-3'!F$7,1/'Langkah 1-3'!F$7)/2,0),ROUND(IF('Langkah 1-3'!F$7>=1,'Langkah 1-3'!F$7,1/'Langkah 1-3'!F$7),0)))),$X$4:$AA$12,4,FALSE)) -> 0.5 | O8: =IF('Langkah 1-3'!F$7>=1,VLOOKUP(MAX(1,MIN(9,IF(MOD(IF('Langkah 1-3'!F$7>=1,'Langkah 1-3'!F$7,1/'Langkah 1-3'!F$7),1)=0.5,2*ROUND(IF('Langkah 1-3'!F$7>=1,'Langkah 1-3'!F$7,1/'Langkah 1-3'!F$7)/2,0),ROUND(IF('Langkah 1-3'!F$7>=1,'Langkah 1-3'!F$7,1/'Langkah 1-3'!F$7),0)))),$X$4:$AA$12,3,FALSE),1/VLOOKUP(MAX(1,MIN(9,IF(MOD(IF('Langkah 1-3'!F$7>=1,'Langkah 1-3'!F$7,1/'Langkah 1-3'!F$7),1)=0.5,2*ROUND(IF('Langkah 1-3'!F$7>=1,'Langkah 1-3'!F$7,1/'Langkah 1-3'!F$7)/2,0),ROUND(IF('Langkah 1-3'!F$7>=1,'Langkah 1-3'!F$7,1/'Langkah 1-3'!F$7),0)))),$X$4:$AA$12,3,FALSE)) -> 1 | P8: =IF('Langkah 1-3'!F$7>=1,VLOOKUP(MAX(1,MIN(9,IF(MOD(IF('Langkah 1-3'!F$7>=1,'Langkah 1-3'!F$7,1/'Langkah 1-3'!F$7),1)=0.5,2*ROUND(IF('Langkah 1-3'!F$7>=1,'Langkah 1-3'!F$7,1/'Langkah 1-3'!F$7)/2,0),ROUND(IF('Langkah 1-3'!F$7>=1,'Langkah 1-3'!F$7,1/'Langkah 1-3'!F$7),0)))),$X$4:$AA$12,4,FALSE),1/VLOOKUP(MAX(1,MIN(9,IF(MOD(IF('Langkah 1-3'!F$7>=1,'Langkah 1-3'!F$7,1/'Langkah 1-3'!F$7),1)=0.5,2*ROUND(IF('Langkah 1-3'!F$7>=1,'Langkah 1-3'!F$7,1/'Langkah 1-3'!F$7)/2,0),ROUND(IF('Langkah 1-3'!F$7>=1,'Langkah 1-3'!F$7,1/'Langkah 1-3'!F$7),0)))),$X$4:$AA$12,2,FALSE)) -> 1.5 | Q8: =IF('Langkah 1-3'!G$7>=1,VLOOKUP(MAX(1,MIN(9,IF(MOD(IF('Langkah 1-3'!G$7>=1,'Langkah 1-3'!G$7,1/'Langkah 1-3'!G$7),1)=0.5,2*ROUND(IF('Langkah 1-3'!G$7>=1,'Langkah 1-3'!G$7,1/'Langkah 1-3'!G$7)/2,0),ROUND(IF('Langkah 1-3'!G$7>=1,'Langkah 1-3'!G$7,1/'Langkah 1-3'!G$7),0)))),$X$4:$AA$12,2,FALSE),1/VLOOKUP(MAX(1,MIN(9,IF(MOD(IF('Langkah 1-3'!G$7>=1,'Langkah 1-3'!G$7,1/'Langkah 1-3'!G$7),1)=0.5,2*ROUND(IF('Langkah 1-3'!G$7>=1,'Langkah 1-3'!G$7,1/'Langkah 1-3'!G$7)/2,0),ROUND(IF('Langkah 1-3'!G$7>=1,'Langkah 1-3'!G$7,1/'Langkah 1-3'!G$7),0)))),$X$4:$AA$12,4,FALSE)) -> 1 | R8: =IF('Langkah 1-3'!G$7>=1,VLOOKUP(MAX(1,MIN(9,IF(MOD(IF('Langkah 1-3'!G$7>=1,'Langkah 1-3'!G$7,1/'Langkah 1-3'!G$7),1)=0.5,2*ROUND(IF('Langkah 1-3'!G$7>=1,'Langkah 1-3'!G$7,1/'Langkah 1-3'!G$7)/2,0),ROUND(IF('Langkah 1-3'!G$7>=1,'Langkah 1-3'!G$7,1/'Langkah 1-3'!G$7),0)))),$X$4:$AA$12,3,FALSE),1/VLOOKUP(MAX(1,MIN(9,IF(MOD(IF('Langkah 1-3'!G$7>=1,'Langkah 1-3'!G$7,1/'Langkah 1-3'!G$7),1)=0.5,2*ROUND(IF('Langkah 1-3'!G$7>=1,'Langkah 1-3'!G$7,1/'Langkah 1-3'!G$7)/2,0),ROUND(IF('Langkah 1-3'!G$7>=1,'Langkah 1-3'!G$7,1/'Langkah 1-3'!G$7),0)))),$X$4:$AA$12,3,FALSE)) -> 1 | S8: =IF('Langkah 1-3'!G$7>=1,VLOOKUP(MAX(1,MIN(9,IF(MOD(IF('Langkah 1-3'!G$7>=1,'Langkah 1-3'!G$7,1/'Langkah 1-3'!G$7),1)=0.5,2*ROUND(IF('Langkah 1-3'!G$7>=1,'Langkah 1-3'!G$7,1/'Langkah 1-3'!G$7)/2,0),ROUND(IF('Langkah 1-3'!G$7>=1,'Langkah 1-3'!G$7,1/'Langkah 1-3'!G$7),0)))),$X$4:$AA$12,4,FALSE),1/VLOOKUP(MAX(1,MIN(9,IF(MOD(IF('Langkah 1-3'!G$7>=1,'Langkah 1-3'!G$7,1/'Langkah 1-3'!G$7),1)=0.5,2*ROUND(IF('Langkah 1-3'!G$7>=1,'Langkah 1-3'!G$7,1/'Langkah 1-3'!G$7)/2,0),ROUND(IF('Langkah 1-3'!G$7>=1,'Langkah 1-3'!G$7,1/'Langkah 1-3'!G$7),0)))),$X$4:$AA$12,2,FALSE)) -> 1 | X8: 5 | Y8: 2 | Z8: 2.5 | AA8: 3
A9: K4 | B9: =IF('Langkah 1-3'!B$8>=1,VLOOKUP(MAX(1,MIN(9,IF(MOD(IF('Langkah 1-3'!B$8>=1,'Langkah 1-3'!B$8,1/'Langkah 1-3'!B$8),1)=0.5,2*ROUND(IF('Langkah 1-3'!B$8>=1,'Langkah 1-3'!B$8,1/'Langkah 1-3'!B$8)/2,0),ROUND(IF('Langkah 1-3'!B$8>=1,'Langkah 1-3'!B$8,1/'Langkah 1-3'!B$8),0)))),$X$4:$AA$12,2,FALSE),1/VLOOKUP(MAX(1,MIN(9,IF(MOD(IF('Langkah 1-3'!B$8>=1,'Langkah 1-3'!B$8,1/'Langkah 1-3'!B$8),1)=0.5,2*ROUND(IF('Langkah 1-3'!B$8>=1,'Langkah 1-3'!B$8,1/'Langkah 1-3'!B$8)/2,0),ROUND(IF('Langkah 1-3'!B$8>=1,'Langkah 1-3'!B$8,1/'Langkah 1-3'!B$8),0)))),$X$4:$AA$12,4,FALSE)) -> 0.66666667 | C9: =IF('Langkah 1-3'!B$8>=1,VLOOKUP(MAX(1,MIN(9,IF(MOD(IF('Langkah 1-3'!B$8>=1,'Langkah 1-3'!B$8,1/'Langkah 1-3'!B$8),1)=0.5,2*ROUND(IF('Langkah 1-3'!B$8>=1,'Langkah 1-3'!B$8,1/'Langkah 1-3'!B$8)/2,0),ROUND(IF('Langkah 1-3'!B$8>=1,'Langkah 1-3'!B$8,1/'Langkah 1-3'!B$8),0)))),$X$4:$AA$12,3,FALSE),1/VLOOKUP(MAX(1,MIN(9,IF(MOD(IF('Langkah 1-3'!B$8>=1,'Langkah 1-3'!B$8,1/'Langkah 1-3'!B$8),1)=0.5,2*ROUND(IF('Langkah 1-3'!B$8>=1,'Langkah 1-3'!B$8,1/'Langkah 1-3'!B$8)/2,0),ROUND(IF('Langkah 1-3'!B$8>=1,'Langkah 1-3'!B$8,1/'Langkah 1-3'!B$8),0)))),$X$4:$AA$12,3,FALSE)) -> 1 | D9: =IF('Langkah 1-3'!B$8>=1,VLOOKUP(MAX(1,MIN(9,IF(MOD(IF('Langkah 1-3'!B$8>=1,'Langkah 1-3'!B$8,1/'Langkah 1-3'!B$8),1)=0.5,2*ROUND(IF('Langkah 1-3'!B$8>=1,'Langkah 1-3'!B$8,1/'Langkah 1-3'!B$8)/2,0),ROUND(IF('Langkah 1-3'!B$8>=1,'Langkah 1-3'!B$8,1/'Langkah 1-3'!B$8),0)))),$X$4:$AA$12,4,FALSE),1/VLOOKUP(MAX(1,MIN(9,IF(MOD(IF('Langkah 1-3'!B$8>=1,'Langkah 1-3'!B$8,1/'Langkah 1-3'!B$8),1)=0.5,2*ROUND(IF('Langkah 1-3'!B$8>=1,'Langkah 1-3'!B$8,1/'Langkah 1-3'!B$8)/2,0),ROUND(IF('Langkah 1-3'!B$8>=1,'Langkah 1-3'!B$8,1/'Langkah 1-3'!B$8),0)))),$X$4:$AA$12,2,FALSE)) -> 2 | E9: =IF('Langkah 1-3'!C$8>=1,VLOOKUP(MAX(1,MIN(9,IF(MOD(IF('Langkah 1-3'!C$8>=1,'Langkah 1-3'!C$8,1/'Langkah 1-3'!C$8),1)=0.5,2*ROUND(IF('Langkah 1-3'!C$8>=1,'Langkah 1-3'!C$8,1/'Langkah 1-3'!C$8)/2,0),ROUND(IF('Langkah 1-3'!C$8>=1,'Langkah 1-3'!C$8,1/'Langkah 1-3'!C$8),0)))),$X$4:$AA$12,2,FALSE),1/VLOOKUP(MAX(1,MIN(9,IF(MOD(IF('Langkah 1-3'!C$8>=1,'Langkah 1-3'!C$8,1/'Langkah 1-3'!C$8),1)=0.5,2*ROUND(IF('Langkah 1-3'!C$8>=1,'Langkah 1-3'!C$8,1/'Langkah 1-3'!C$8)/2,0),ROUND(IF('Langkah 1-3'!C$8>=1,'Langkah 1-3'!C$8,1/'Langkah 1-3'!C$8),0)))),$X$4:$AA$12,4,FALSE)) -> 0.4 | F9: =IF('Langkah 1-3'!C$8>=1,VLOOKUP(MAX(1,MIN(9,IF(MOD(IF('Langkah 1-3'!C$8>=1,'Langkah 1-3'!C$8,1/'Langkah 1-3'!C$8),1)=0.5,2*ROUND(IF('Langkah 1-3'!C$8>=1,'Langkah 1-3'!C$8,1/'Langkah 1-3'!C$8)/2,0),ROUND(IF('Langkah 1-3'!C$8>=1,'Langkah 1-3'!C$8,1/'Langkah 1-3'!C$8),0)))),$X$4:$AA$12,3,FALSE),1/VLOOKUP(MAX(1,MIN(9,IF(MOD(IF('Langkah 1-3'!C$8>=1,'Langkah 1-3'!C$8,1/'Langkah 1-3'!C$8),1)=0.5,2*ROUND(IF('Langkah 1-3'!C$8>=1,'Langkah 1-3'!C$8,1/'Langkah 1-3'!C$8)/2,0),ROUND(IF('Langkah 1-3'!C$8>=1,'Langkah 1-3'!C$8,1/'Langkah 1-3'!C$8),0)))),$X$4:$AA$12,3,FALSE)) -> 0.5 | G9: =IF('Langkah 1-3'!C$8>=1,VLOOKUP(MAX(1,MIN(9,IF(MOD(IF('Langkah 1-3'!C$8>=1,'Langkah 1-3'!C$8,1/'Langkah 1-3'!C$8),1)=0.5,2*ROUND(IF('Langkah 1-3'!C$8>=1,'Langkah 1-3'!C$8,1/'Langkah 1-3'!C$8)/2,0),ROUND(IF('Langkah 1-3'!C$8>=1,'Langkah 1-3'!C$8,1/'Langkah 1-3'!C$8),0)))),$X$4:$AA$12,4,FALSE),1/VLOOKUP(MAX(1,MIN(9,IF(MOD(IF('Langkah 1-3'!C$8>=1,'Langkah 1-3'!C$8,1/'Langkah 1-3'!C$8),1)=0.5,2*ROUND(IF('Langkah 1-3'!C$8>=1,'Langkah 1-3'!C$8,1/'Langkah 1-3'!C$8)/2,0),ROUND(IF('Langkah 1-3'!C$8>=1,'Langkah 1-3'!C$8,1/'Langkah 1-3'!C$8),0)))),$X$4:$AA$12,2,FALSE)) -> 0.66666667 | H9: =IF('Langkah 1-3'!D$8>=1,VLOOKUP(MAX(1,MIN(9,IF(MOD(IF('Langkah 1-3'!D$8>=1,'Langkah 1-3'!D$8,1/'Langkah 1-3'!D$8),1)=0.5,2*ROUND(IF('Langkah 1-3'!D$8>=1,'Langkah 1-3'!D$8,1/'Langkah 1-3'!D$8)/2,0),ROUND(IF('Langkah 1-3'!D$8>=1,'Langkah 1-3'!D$8,1/'Langkah 1-3'!D$8),0)))),$X$4:$AA$12,2,FALSE),1/VLOOKUP(MAX(1,MIN(9,IF(MOD(IF('Langkah 1-3'!D$8>=1,'Langkah 1-3'!D$8,1/'Langkah 1-3'!D$8),1)=0.5,2*ROUND(IF('Langkah 1-3'!D$8>=1,'Langkah 1-3'!D$8,1/'Langkah 1-3'!D$8)/2,0),ROUND(IF('Langkah 1-3'!D$8>=1,'Langkah 1-3'!D$8,1/'Langkah 1-3'!D$8),0)))),$X$4:$AA$12,4,FALSE)) -> 0.4 | I9: =IF('Langkah 1-3'!D$8>=1,VLOOKUP(MAX(1,MIN(9,IF(MOD(IF('Langkah 1-3'!D$8>=1,'Langkah 1-3'!D$8,1/'Langkah 1-3'!D$8),1)=0.5,2*ROUND(IF('Langkah 1-3'!D$8>=1,'Langkah 1-3'!D$8,1/'Langkah 1-3'!D$8)/2,0),ROUND(IF('Langkah 1-3'!D$8>=1,'Langkah 1-3'!D$8,1/'Langkah 1-3'!D$8),0)))),$X$4:$AA$12,3,FALSE),1/VLOOKUP(MAX(1,MIN(9,IF(MOD(IF('Langkah 1-3'!D$8>=1,'Langkah 1-3'!D$8,1/'Langkah 1-3'!D$8),1)=0.5,2*ROUND(IF('Langkah 1-3'!D$8>=1,'Langkah 1-3'!D$8,1/'Langkah 1-3'!D$8)/2,0),ROUND(IF('Langkah 1-3'!D$8>=1,'Langkah 1-3'!D$8,1/'Langkah 1-3'!D$8),0)))),$X$4:$AA$12,3,FALSE)) -> 0.5 | J9: =IF('Langkah 1-3'!D$8>=1,VLOOKUP(MAX(1,MIN(9,IF(MOD(IF('Langkah 1-3'!D$8>=1,'Langkah 1-3'!D$8,1/'Langkah 1-3'!D$8),1)=0.5,2*ROUND(IF('Langkah 1-3'!D$8>=1,'Langkah 1-3'!D$8,1/'Langkah 1-3'!D$8)/2,0),ROUND(IF('Langkah 1-3'!D$8>=1,'Langkah 1-3'!D$8,1/'Langkah 1-3'!D$8),0)))),$X$4:$AA$12,4,FALSE),1/VLOOKUP(MAX(1,MIN(9,IF(MOD(IF('Langkah 1-3'!D$8>=1,'Langkah 1-3'!D$8,1/'Langkah 1-3'!D$8),1)=0.5,2*ROUND(IF('Langkah 1-3'!D$8>=1,'Langkah 1-3'!D$8,1/'Langkah 1-3'!D$8)/2,0),ROUND(IF('Langkah 1-3'!D$8>=1,'Langkah 1-3'!D$8,1/'Langkah 1-3'!D$8),0)))),$X$4:$AA$12,2,FALSE)) -> 0.66666667 | K9: =IF('Langkah 1-3'!E$8>=1,VLOOKUP(MAX(1,MIN(9,IF(MOD(IF('Langkah 1-3'!E$8>=1,'Langkah 1-3'!E$8,1/'Langkah 1-3'!E$8),1)=0.5,2*ROUND(IF('Langkah 1-3'!E$8>=1,'Langkah 1-3'!E$8,1/'Langkah 1-3'!E$8)/2,0),ROUND(IF('Langkah 1-3'!E$8>=1,'Langkah 1-3'!E$8,1/'Langkah 1-3'!E$8),0)))),$X$4:$AA$12,2,FALSE),1/VLOOKUP(MAX(1,MIN(9,IF(MOD(IF('Langkah 1-3'!E$8>=1,'Langkah 1-3'!E$8,1/'Langkah 1-3'!E$8),1)=0.5,2*ROUND(IF('Langkah 1-3'!E$8>=1,'Langkah 1-3'!E$8,1/'Langkah 1-3'!E$8)/2,0),ROUND(IF('Langkah 1-3'!E$8>=1,'Langkah 1-3'!E$8,1/'Langkah 1-3'!E$8),0)))),$X$4:$AA$12,4,FALSE)) -> 1 | L9: =IF('Langkah 1-3'!E$8>=1,VLOOKUP(MAX(1,MIN(9,IF(MOD(IF('Langkah 1-3'!E$8>=1,'Langkah 1-3'!E$8,1/'Langkah 1-3'!E$8),1)=0.5,2*ROUND(IF('Langkah 1-3'!E$8>=1,'Langkah 1-3'!E$8,1/'Langkah 1-3'!E$8)/2,0),ROUND(IF('Langkah 1-3'!E$8>=1,'Langkah 1-3'!E$8,1/'Langkah 1-3'!E$8),0)))),$X$4:$AA$12,3,FALSE),1/VLOOKUP(MAX(1,MIN(9,IF(MOD(IF('Langkah 1-3'!E$8>=1,'Langkah 1-3'!E$8,1/'Langkah 1-3'!E$8),1)=0.5,2*ROUND(IF('Langkah 1-3'!E$8>=1,'Langkah 1-3'!E$8,1/'Langkah 1-3'!E$8)/2,0),ROUND(IF('Langkah 1-3'!E$8>=1,'Langkah 1-3'!E$8,1/'Langkah 1-3'!E$8),0)))),$X$4:$AA$12,3,FALSE)) -> 1 | M9: =IF('Langkah 1-3'!E$8>=1,VLOOKUP(MAX(1,MIN(9,IF(MOD(IF('Langkah 1-3'!E$8>=1,'Langkah 1-3'!E$8,1/'Langkah 1-3'!E$8),1)=0.5,2*ROUND(IF('Langkah 1-3'!E$8>=1,'Langkah 1-3'!E$8,1/'Langkah 1-3'!E$8)/2,0),ROUND(IF('Langkah 1-3'!E$8>=1,'Langkah 1-3'!E$8,1/'Langkah 1-3'!E$8),0)))),$X$4:$AA$12,4,FALSE),1/VLOOKUP(MAX(1,MIN(9,IF(MOD(IF('Langkah 1-3'!E$8>=1,'Langkah 1-3'!E$8,1/'Langkah 1-3'!E$8),1)=0.5,2*ROUND(IF('Langkah 1-3'!E$8>=1,'Langkah 1-3'!E$8,1/'Langkah 1-3'!E$8)/2,0),ROUND(IF('Langkah 1-3'!E$8>=1,'Langkah 1-3'!E$8,1/'Langkah 1-3'!E$8),0)))),$X$4:$AA$12,2,FALSE)) -> 1 | N9: =IF('Langkah 1-3'!F$8>=1,VLOOKUP(MAX(1,MIN(9,IF(MOD(IF('Langkah 1-3'!F$8>=1,'Langkah 1-3'!F$8,1/'Langkah 1-3'!F$8),1)=0.5,2*ROUND(IF('Langkah 1-3'!F$8>=1,'Langkah 1-3'!F$8,1/'Langkah 1-3'!F$8)/2,0),ROUND(IF('Langkah 1-3'!F$8>=1,'Langkah 1-3'!F$8,1/'Langkah 1-3'!F$8),0)))),$X$4:$AA$12,2,FALSE),1/VLOOKUP(MAX(1,MIN(9,IF(MOD(IF('Langkah 1-3'!F$8>=1,'Langkah 1-3'!F$8,1/'Langkah 1-3'!F$8),1)=0.5,2*ROUND(IF('Langkah 1-3'!F$8>=1,'Langkah 1-3'!F$8,1/'Langkah 1-3'!F$8)/2,0),ROUND(IF('Langkah 1-3'!F$8>=1,'Langkah 1-3'!F$8,1/'Langkah 1-3'!F$8),0)))),$X$4:$AA$12,4,FALSE)) -> 0.66666667 | O9: =IF('Langkah 1-3'!F$8>=1,VLOOKUP(MAX(1,MIN(9,IF(MOD(IF('Langkah 1-3'!F$8>=1,'Langkah 1-3'!F$8,1/'Langkah 1-3'!F$8),1)=0.5,2*ROUND(IF('Langkah 1-3'!F$8>=1,'Langkah 1-3'!F$8,1/'Langkah 1-3'!F$8)/2,0),ROUND(IF('Langkah 1-3'!F$8>=1,'Langkah 1-3'!F$8,1/'Langkah 1-3'!F$8),0)))),$X$4:$AA$12,3,FALSE),1/VLOOKUP(MAX(1,MIN(9,IF(MOD(IF('Langkah 1-3'!F$8>=1,'Langkah 1-3'!F$8,1/'Langkah 1-3'!F$8),1)=0.5,2*ROUND(IF('Langkah 1-3'!F$8>=1,'Langkah 1-3'!F$8,1/'Langkah 1-3'!F$8)/2,0),ROUND(IF('Langkah 1-3'!F$8>=1,'Langkah 1-3'!F$8,1/'Langkah 1-3'!F$8),0)))),$X$4:$AA$12,3,FALSE)) -> 1 | P9: =IF('Langkah 1-3'!F$8>=1,VLOOKUP(MAX(1,MIN(9,IF(MOD(IF('Langkah 1-3'!F$8>=1,'Langkah 1-3'!F$8,1/'Langkah 1-3'!F$8),1)=0.5,2*ROUND(IF('Langkah 1-3'!F$8>=1,'Langkah 1-3'!F$8,1/'Langkah 1-3'!F$8)/2,0),ROUND(IF('Langkah 1-3'!F$8>=1,'Langkah 1-3'!F$8,1/'Langkah 1-3'!F$8),0)))),$X$4:$AA$12,4,FALSE),1/VLOOKUP(MAX(1,MIN(9,IF(MOD(IF('Langkah 1-3'!F$8>=1,'Langkah 1-3'!F$8,1/'Langkah 1-3'!F$8),1)=0.5,2*ROUND(IF('Langkah 1-3'!F$8>=1,'Langkah 1-3'!F$8,1/'Langkah 1-3'!F$8)/2,0),ROUND(IF('Langkah 1-3'!F$8>=1,'Langkah 1-3'!F$8,1/'Langkah 1-3'!F$8),0)))),$X$4:$AA$12,2,FALSE)) -> 2 | Q9: =IF('Langkah 1-3'!G$8>=1,VLOOKUP(MAX(1,MIN(9,IF(MOD(IF('Langkah 1-3'!G$8>=1,'Langkah 1-3'!G$8,1/'Langkah 1-3'!G$8),1)=0.5,2*ROUND(IF('Langkah 1-3'!G$8>=1,'Langkah 1-3'!G$8,1/'Langkah 1-3'!G$8)/2,0),ROUND(IF('Langkah 1-3'!G$8>=1,'Langkah 1-3'!G$8,1/'Langkah 1-3'!G$8),0)))),$X$4:$AA$12,2,FALSE),1/VLOOKUP(MAX(1,MIN(9,IF(MOD(IF('Langkah 1-3'!G$8>=1,'Langkah 1-3'!G$8,1/'Langkah 1-3'!G$8),1)=0.5,2*ROUND(IF('Langkah 1-3'!G$8>=1,'Langkah 1-3'!G$8,1/'Langkah 1-3'!G$8)/2,0),ROUND(IF('Langkah 1-3'!G$8>=1,'Langkah 1-3'!G$8,1/'Langkah 1-3'!G$8),0)))),$X$4:$AA$12,4,FALSE)) -> 0.4 | R9: =IF('Langkah 1-3'!G$8>=1,VLOOKUP(MAX(1,MIN(9,IF(MOD(IF('Langkah 1-3'!G$8>=1,'Langkah 1-3'!G$8,1/'Langkah 1-3'!G$8),1)=0.5,2*ROUND(IF('Langkah 1-3'!G$8>=1,'Langkah 1-3'!G$8,1/'Langkah 1-3'!G$8)/2,0),ROUND(IF('Langkah 1-3'!G$8>=1,'Langkah 1-3'!G$8,1/'Langkah 1-3'!G$8),0)))),$X$4:$AA$12,3,FALSE),1/VLOOKUP(MAX(1,MIN(9,IF(MOD(IF('Langkah 1-3'!G$8>=1,'Langkah 1-3'!G$8,1/'Langkah 1-3'!G$8),1)=0.5,2*ROUND(IF('Langkah 1-3'!G$8>=1,'Langkah 1-3'!G$8,1/'Langkah 1-3'!G$8)/2,0),ROUND(IF('Langkah 1-3'!G$8>=1,'Langkah 1-3'!G$8,1/'Langkah 1-3'!G$8),0)))),$X$4:$AA$12,3,FALSE)) -> 0.5 | S9: =IF('Langkah 1-3'!G$8>=1,VLOOKUP(MAX(1,MIN(9,IF(MOD(IF('Langkah 1-3'!G$8>=1,'Langkah 1-3'!G$8,1/'Langkah 1-3'!G$8),1)=0.5,2*ROUND(IF('Langkah 1-3'!G$8>=1,'Langkah 1-3'!G$8,1/'Langkah 1-3'!G$8)/2,0),ROUND(IF('Langkah 1-3'!G$8>=1,'Langkah 1-3'!G$8,1/'Langkah 1-3'!G$8),0)))),$X$4:$AA$12,4,FALSE),1/VLOOKUP(MAX(1,MIN(9,IF(MOD(IF('Langkah 1-3'!G$8>=1,'Langkah 1-3'!G$8,1/'Langkah 1-3'!G$8),1)=0.5,2*ROUND(IF('Langkah 1-3'!G$8>=1,'Langkah 1-3'!G$8,1/'Langkah 1-3'!G$8)/2,0),ROUND(IF('Langkah 1-3'!G$8>=1,'Langkah 1-3'!G$8,1/'Langkah 1-3'!G$8),0)))),$X$4:$AA$12,2,FALSE)) -> 0.66666667 | X9: 6 | Y9: 2.5 | Z9: 3 | AA9: 3.5
A10: K5 | B10: =IF('Langkah 1-3'!B$9>=1,VLOOKUP(MAX(1,MIN(9,IF(MOD(IF('Langkah 1-3'!B$9>=1,'Langkah 1-3'!B$9,1/'Langkah 1-3'!B$9),1)=0.5,2*ROUND(IF('Langkah 1-3'!B$9>=1,'Langkah 1-3'!B$9,1/'Langkah 1-3'!B$9)/2,0),ROUND(IF('Langkah 1-3'!B$9>=1,'Langkah 1-3'!B$9,1/'Langkah 1-3'!B$9),0)))),$X$4:$AA$12,2,FALSE),1/VLOOKUP(MAX(1,MIN(9,IF(MOD(IF('Langkah 1-3'!B$9>=1,'Langkah 1-3'!B$9,1/'Langkah 1-3'!B$9),1)=0.5,2*ROUND(IF('Langkah 1-3'!B$9>=1,'Langkah 1-3'!B$9,1/'Langkah 1-3'!B$9)/2,0),ROUND(IF('Langkah 1-3'!B$9>=1,'Langkah 1-3'!B$9,1/'Langkah 1-3'!B$9),0)))),$X$4:$AA$12,4,FALSE)) -> 1 | C10: =IF('Langkah 1-3'!B$9>=1,VLOOKUP(MAX(1,MIN(9,IF(MOD(IF('Langkah 1-3'!B$9>=1,'Langkah 1-3'!B$9,1/'Langkah 1-3'!B$9),1)=0.5,2*ROUND(IF('Langkah 1-3'!B$9>=1,'Langkah 1-3'!B$9,1/'Langkah 1-3'!B$9)/2,0),ROUND(IF('Langkah 1-3'!B$9>=1,'Langkah 1-3'!B$9,1/'Langkah 1-3'!B$9),0)))),$X$4:$AA$12,3,FALSE),1/VLOOKUP(MAX(1,MIN(9,IF(MOD(IF('Langkah 1-3'!B$9>=1,'Langkah 1-3'!B$9,1/'Langkah 1-3'!B$9),1)=0.5,2*ROUND(IF('Langkah 1-3'!B$9>=1,'Langkah 1-3'!B$9,1/'Langkah 1-3'!B$9)/2,0),ROUND(IF('Langkah 1-3'!B$9>=1,'Langkah 1-3'!B$9,1/'Langkah 1-3'!B$9),0)))),$X$4:$AA$12,3,FALSE)) -> 1 | D10: =IF('Langkah 1-3'!B$9>=1,VLOOKUP(MAX(1,MIN(9,IF(MOD(IF('Langkah 1-3'!B$9>=1,'Langkah 1-3'!B$9,1/'Langkah 1-3'!B$9),1)=0.5,2*ROUND(IF('Langkah 1-3'!B$9>=1,'Langkah 1-3'!B$9,1/'Langkah 1-3'!B$9)/2,0),ROUND(IF('Langkah 1-3'!B$9>=1,'Langkah 1-3'!B$9,1/'Langkah 1-3'!B$9),0)))),$X$4:$AA$12,4,FALSE),1/VLOOKUP(MAX(1,MIN(9,IF(MOD(IF('Langkah 1-3'!B$9>=1,'Langkah 1-3'!B$9,1/'Langkah 1-3'!B$9),1)=0.5,2*ROUND(IF('Langkah 1-3'!B$9>=1,'Langkah 1-3'!B$9,1/'Langkah 1-3'!B$9)/2,0),ROUND(IF('Langkah 1-3'!B$9>=1,'Langkah 1-3'!B$9,1/'Langkah 1-3'!B$9),0)))),$X$4:$AA$12,2,FALSE)) -> 1 | E10: =IF('Langkah 1-3'!C$9>=1,VLOOKUP(MAX(1,MIN(9,IF(MOD(IF('Langkah 1-3'!C$9>=1,'Langkah 1-3'!C$9,1/'Langkah 1-3'!C$9),1)=0.5,2*ROUND(IF('Langkah 1-3'!C$9>=1,'Langkah 1-3'!C$9,1/'Langkah 1-3'!C$9)/2,0),ROUND(IF('Langkah 1-3'!C$9>=1,'Langkah 1-3'!C$9,1/'Langkah 1-3'!C$9),0)))),$X$4:$AA$12,2,FALSE),1/VLOOKUP(MAX(1,MIN(9,IF(MOD(IF('Langkah 1-3'!C$9>=1,'Langkah 1-3'!C$9,1/'Langkah 1-3'!C$9),1)=0.5,2*ROUND(IF('Langkah 1-3'!C$9>=1,'Langkah 1-3'!C$9,1/'Langkah 1-3'!C$9)/2,0),ROUND(IF('Langkah 1-3'!C$9>=1,'Langkah 1-3'!C$9,1/'Langkah 1-3'!C$9),0)))),$X$4:$AA$12,4,FALSE)) -> 0.66666667 | F10: =IF('Langkah 1-3'!C$9>=1,VLOOKUP(MAX(1,MIN(9,IF(MOD(IF('Langkah 1-3'!C$9>=1,'Langkah 1-3'!C$9,1/'Langkah 1-3'!C$9),1)=0.5,2*ROUND(IF('Langkah 1-3'!C$9>=1,'Langkah 1-3'!C$9,1/'Langkah 1-3'!C$9)/2,0),ROUND(IF('Langkah 1-3'!C$9>=1,'Langkah 1-3'!C$9,1/'Langkah 1-3'!C$9),0)))),$X$4:$AA$12,3,FALSE),1/VLOOKUP(MAX(1,MIN(9,IF(MOD(IF('Langkah 1-3'!C$9>=1,'Langkah 1-3'!C$9,1/'Langkah 1-3'!C$9),1)=0.5,2*ROUND(IF('Langkah 1-3'!C$9>=1,'Langkah 1-3'!C$9,1/'Langkah 1-3'!C$9)/2,0),ROUND(IF('Langkah 1-3'!C$9>=1,'Langkah 1-3'!C$9,1/'Langkah 1-3'!C$9),0)))),$X$4:$AA$12,3,FALSE)) -> 1 | G10: =IF('Langkah 1-3'!C$9>=1,VLOOKUP(MAX(1,MIN(9,IF(MOD(IF('Langkah 1-3'!C$9>=1,'Langkah 1-3'!C$9,1/'Langkah 1-3'!C$9),1)=0.5,2*ROUND(IF('Langkah 1-3'!C$9>=1,'Langkah 1-3'!C$9,1/'Langkah 1-3'!C$9)/2,0),ROUND(IF('Langkah 1-3'!C$9>=1,'Langkah 1-3'!C$9,1/'Langkah 1-3'!C$9),0)))),$X$4:$AA$12,4,FALSE),1/VLOOKUP(MAX(1,MIN(9,IF(MOD(IF('Langkah 1-3'!C$9>=1,'Langkah 1-3'!C$9,1/'Langkah 1-3'!C$9),1)=0.5,2*ROUND(IF('Langkah 1-3'!C$9>=1,'Langkah 1-3'!C$9,1/'Langkah 1-3'!C$9)/2,0),ROUND(IF('Langkah 1-3'!C$9>=1,'Langkah 1-3'!C$9,1/'Langkah 1-3'!C$9),0)))),$X$4:$AA$12,2,FALSE)) -> 2 | H10: =IF('Langkah 1-3'!D$9>=1,VLOOKUP(MAX(1,MIN(9,IF(MOD(IF('Langkah 1-3'!D$9>=1,'Langkah 1-3'!D$9,1/'Langkah 1-3'!D$9),1)=0.5,2*ROUND(IF('Langkah 1-3'!D$9>=1,'Langkah 1-3'!D$9,1/'Langkah 1-3'!D$9)/2,0),ROUND(IF('Langkah 1-3'!D$9>=1,'Langkah 1-3'!D$9,1/'Langkah 1-3'!D$9),0)))),$X$4:$AA$12,2,FALSE),1/VLOOKUP(MAX(1,MIN(9,IF(MOD(IF('Langkah 1-3'!D$9>=1,'Langkah 1-3'!D$9,1/'Langkah 1-3'!D$9),1)=0.5,2*ROUND(IF('Langkah 1-3'!D$9>=1,'Langkah 1-3'!D$9,1/'Langkah 1-3'!D$9)/2,0),ROUND(IF('Langkah 1-3'!D$9>=1,'Langkah 1-3'!D$9,1/'Langkah 1-3'!D$9),0)))),$X$4:$AA$12,4,FALSE)) -> 0.66666667 | I10: =IF('Langkah 1-3'!D$9>=1,VLOOKUP(MAX(1,MIN(9,IF(MOD(IF('Langkah 1-3'!D$9>=1,'Langkah 1-3'!D$9,1/'Langkah 1-3'!D$9),1)=0.5,2*ROUND(IF('Langkah 1-3'!D$9>=1,'Langkah 1-3'!D$9,1/'Langkah 1-3'!D$9)/2,0),ROUND(IF('Langkah 1-3'!D$9>=1,'Langkah 1-3'!D$9,1/'Langkah 1-3'!D$9),0)))),$X$4:$AA$12,3,FALSE),1/VLOOKUP(MAX(1,MIN(9,IF(MOD(IF('Langkah 1-3'!D$9>=1,'Langkah 1-3'!D$9,1/'Langkah 1-3'!D$9),1)=0.5,2*ROUND(IF('Langkah 1-3'!D$9>=1,'Langkah 1-3'!D$9,1/'Langkah 1-3'!D$9)/2,0),ROUND(IF('Langkah 1-3'!D$9>=1,'Langkah 1-3'!D$9,1/'Langkah 1-3'!D$9),0)))),$X$4:$AA$12,3,FALSE)) -> 1 | J10: =IF('Langkah 1-3'!D$9>=1,VLOOKUP(MAX(1,MIN(9,IF(MOD(IF('Langkah 1-3'!D$9>=1,'Langkah 1-3'!D$9,1/'Langkah 1-3'!D$9),1)=0.5,2*ROUND(IF('Langkah 1-3'!D$9>=1,'Langkah 1-3'!D$9,1/'Langkah 1-3'!D$9)/2,0),ROUND(IF('Langkah 1-3'!D$9>=1,'Langkah 1-3'!D$9,1/'Langkah 1-3'!D$9),0)))),$X$4:$AA$12,4,FALSE),1/VLOOKUP(MAX(1,MIN(9,IF(MOD(IF('Langkah 1-3'!D$9>=1,'Langkah 1-3'!D$9,1/'Langkah 1-3'!D$9),1)=0.5,2*ROUND(IF('Langkah 1-3'!D$9>=1,'Langkah 1-3'!D$9,1/'Langkah 1-3'!D$9)/2,0),ROUND(IF('Langkah 1-3'!D$9>=1,'Langkah 1-3'!D$9,1/'Langkah 1-3'!D$9),0)))),$X$4:$AA$12,2,FALSE)) -> 2 | K10: =IF('Langkah 1-3'!E$9>=1,VLOOKUP(MAX(1,MIN(9,IF(MOD(IF('Langkah 1-3'!E$9>=1,'Langkah 1-3'!E$9,1/'Langkah 1-3'!E$9),1)=0.5,2*ROUND(IF('Langkah 1-3'!E$9>=1,'Langkah 1-3'!E$9,1/'Langkah 1-3'!E$9)/2,0),ROUND(IF('Langkah 1-3'!E$9>=1,'Langkah 1-3'!E$9,1/'Langkah 1-3'!E$9),0)))),$X$4:$AA$12,2,FALSE),1/VLOOKUP(MAX(1,MIN(9,IF(MOD(IF('Langkah 1-3'!E$9>=1,'Langkah 1-3'!E$9,1/'Langkah 1-3'!E$9),1)=0.5,2*ROUND(IF('Langkah 1-3'!E$9>=1,'Langkah 1-3'!E$9,1/'Langkah 1-3'!E$9)/2,0),ROUND(IF('Langkah 1-3'!E$9>=1,'Langkah 1-3'!E$9,1/'Langkah 1-3'!E$9),0)))),$X$4:$AA$12,4,FALSE)) -> 0.5 | L10: =IF('Langkah 1-3'!E$9>=1,VLOOKUP(MAX(1,MIN(9,IF(MOD(IF('Langkah 1-3'!E$9>=1,'Langkah 1-3'!E$9,1/'Langkah 1-3'!E$9),1)=0.5,2*ROUND(IF('Langkah 1-3'!E$9>=1,'Langkah 1-3'!E$9,1/'Langkah 1-3'!E$9)/2,0),ROUND(IF('Langkah 1-3'!E$9>=1,'Langkah 1-3'!E$9,1/'Langkah 1-3'!E$9),0)))),$X$4:$AA$12,3,FALSE),1/VLOOKUP(MAX(1,MIN(9,IF(MOD(IF('Langkah 1-3'!E$9>=1,'Langkah 1-3'!E$9,1/'Langkah 1-3'!E$9),1)=0.5,2*ROUND(IF('Langkah 1-3'!E$9>=1,'Langkah 1-3'!E$9,1/'Langkah 1-3'!E$9)/2,0),ROUND(IF('Langkah 1-3'!E$9>=1,'Langkah 1-3'!E$9,1/'Langkah 1-3'!E$9),0)))),$X$4:$AA$12,3,FALSE)) -> 1 | M10: =IF('Langkah 1-3'!E$9>=1,VLOOKUP(MAX(1,MIN(9,IF(MOD(IF('Langkah 1-3'!E$9>=1,'Langkah 1-3'!E$9,1/'Langkah 1-3'!E$9),1)=0.5,2*ROUND(IF('Langkah 1-3'!E$9>=1,'Langkah 1-3'!E$9,1/'Langkah 1-3'!E$9)/2,0),ROUND(IF('Langkah 1-3'!E$9>=1,'Langkah 1-3'!E$9,1/'Langkah 1-3'!E$9),0)))),$X$4:$AA$12,4,FALSE),1/VLOOKUP(MAX(1,MIN(9,IF(MOD(IF('Langkah 1-3'!E$9>=1,'Langkah 1-3'!E$9,1/'Langkah 1-3'!E$9),1)=0.5,2*ROUND(IF('Langkah 1-3'!E$9>=1,'Langkah 1-3'!E$9,1/'Langkah 1-3'!E$9)/2,0),ROUND(IF('Langkah 1-3'!E$9>=1,'Langkah 1-3'!E$9,1/'Langkah 1-3'!E$9),0)))),$X$4:$AA$12,2,FALSE)) -> 1.5 | N10: =IF('Langkah 1-3'!F$9>=1,VLOOKUP(MAX(1,MIN(9,IF(MOD(IF('Langkah 1-3'!F$9>=1,'Langkah 1-3'!F$9,1/'Langkah 1-3'!F$9),1)=0.5,2*ROUND(IF('Langkah 1-3'!F$9>=1,'Langkah 1-3'!F$9,1/'Langkah 1-3'!F$9)/2,0),ROUND(IF('Langkah 1-3'!F$9>=1,'Langkah 1-3'!F$9,1/'Langkah 1-3'!F$9),0)))),$X$4:$AA$12,2,FALSE),1/VLOOKUP(MAX(1,MIN(9,IF(MOD(IF('Langkah 1-3'!F$9>=1,'Langkah 1-3'!F$9,1/'Langkah 1-3'!F$9),1)=0.5,2*ROUND(IF('Langkah 1-3'!F$9>=1,'Langkah 1-3'!F$9,1/'Langkah 1-3'!F$9)/2,0),ROUND(IF('Langkah 1-3'!F$9>=1,'Langkah 1-3'!F$9,1/'Langkah 1-3'!F$9),0)))),$X$4:$AA$12,4,FALSE)) -> 1 | O10: =IF('Langkah 1-3'!F$9>=1,VLOOKUP(MAX(1,MIN(9,IF(MOD(IF('Langkah 1-3'!F$9>=1,'Langkah 1-3'!F$9,1/'Langkah 1-3'!F$9),1)=0.5,2*ROUND(IF('Langkah 1-3'!F$9>=1,'Langkah 1-3'!F$9,1/'Langkah 1-3'!F$9)/2,0),ROUND(IF('Langkah 1-3'!F$9>=1,'Langkah 1-3'!F$9,1/'Langkah 1-3'!F$9),0)))),$X$4:$AA$12,3,FALSE),1/VLOOKUP(MAX(1,MIN(9,IF(MOD(IF('Langkah 1-3'!F$9>=1,'Langkah 1-3'!F$9,1/'Langkah 1-3'!F$9),1)=0.5,2*ROUND(IF('Langkah 1-3'!F$9>=1,'Langkah 1-3'!F$9,1/'Langkah 1-3'!F$9)/2,0),ROUND(IF('Langkah 1-3'!F$9>=1,'Langkah 1-3'!F$9,1/'Langkah 1-3'!F$9),0)))),$X$4:$AA$12,3,FALSE)) -> 1 | P10: =IF('Langkah 1-3'!F$9>=1,VLOOKUP(MAX(1,MIN(9,IF(MOD(IF('Langkah 1-3'!F$9>=1,'Langkah 1-3'!F$9,1/'Langkah 1-3'!F$9),1)=0.5,2*ROUND(IF('Langkah 1-3'!F$9>=1,'Langkah 1-3'!F$9,1/'Langkah 1-3'!F$9)/2,0),ROUND(IF('Langkah 1-3'!F$9>=1,'Langkah 1-3'!F$9,1/'Langkah 1-3'!F$9),0)))),$X$4:$AA$12,4,FALSE),1/VLOOKUP(MAX(1,MIN(9,IF(MOD(IF('Langkah 1-3'!F$9>=1,'Langkah 1-3'!F$9,1/'Langkah 1-3'!F$9),1)=0.5,2*ROUND(IF('Langkah 1-3'!F$9>=1,'Langkah 1-3'!F$9,1/'Langkah 1-3'!F$9)/2,0),ROUND(IF('Langkah 1-3'!F$9>=1,'Langkah 1-3'!F$9,1/'Langkah 1-3'!F$9),0)))),$X$4:$AA$12,2,FALSE)) -> 1 | Q10: =IF('Langkah 1-3'!G$9>=1,VLOOKUP(MAX(1,MIN(9,IF(MOD(IF('Langkah 1-3'!G$9>=1,'Langkah 1-3'!G$9,1/'Langkah 1-3'!G$9),1)=0.5,2*ROUND(IF('Langkah 1-3'!G$9>=1,'Langkah 1-3'!G$9,1/'Langkah 1-3'!G$9)/2,0),ROUND(IF('Langkah 1-3'!G$9>=1,'Langkah 1-3'!G$9,1/'Langkah 1-3'!G$9),0)))),$X$4:$AA$12,2,FALSE),1/VLOOKUP(MAX(1,MIN(9,IF(MOD(IF('Langkah 1-3'!G$9>=1,'Langkah 1-3'!G$9,1/'Langkah 1-3'!G$9),1)=0.5,2*ROUND(IF('Langkah 1-3'!G$9>=1,'Langkah 1-3'!G$9,1/'Langkah 1-3'!G$9)/2,0),ROUND(IF('Langkah 1-3'!G$9>=1,'Langkah 1-3'!G$9,1/'Langkah 1-3'!G$9),0)))),$X$4:$AA$12,4,FALSE)) -> 0.66666667 | R10: =IF('Langkah 1-3'!G$9>=1,VLOOKUP(MAX(1,MIN(9,IF(MOD(IF('Langkah 1-3'!G$9>=1,'Langkah 1-3'!G$9,1/'Langkah 1-3'!G$9),1)=0.5,2*ROUND(IF('Langkah 1-3'!G$9>=1,'Langkah 1-3'!G$9,1/'Langkah 1-3'!G$9)/2,0),ROUND(IF('Langkah 1-3'!G$9>=1,'Langkah 1-3'!G$9,1/'Langkah 1-3'!G$9),0)))),$X$4:$AA$12,3,FALSE),1/VLOOKUP(MAX(1,MIN(9,IF(MOD(IF('Langkah 1-3'!G$9>=1,'Langkah 1-3'!G$9,1/'Langkah 1-3'!G$9),1)=0.5,2*ROUND(IF('Langkah 1-3'!G$9>=1,'Langkah 1-3'!G$9,1/'Langkah 1-3'!G$9)/2,0),ROUND(IF('Langkah 1-3'!G$9>=1,'Langkah 1-3'!G$9,1/'Langkah 1-3'!G$9),0)))),$X$4:$AA$12,3,FALSE)) -> 1 | S10: =IF('Langkah 1-3'!G$9>=1,VLOOKUP(MAX(1,MIN(9,IF(MOD(IF('Langkah 1-3'!G$9>=1,'Langkah 1-3'!G$9,1/'Langkah 1-3'!G$9),1)=0.5,2*ROUND(IF('Langkah 1-3'!G$9>=1,'Langkah 1-3'!G$9,1/'Langkah 1-3'!G$9)/2,0),ROUND(IF('Langkah 1-3'!G$9>=1,'Langkah 1-3'!G$9,1/'Langkah 1-3'!G$9),0)))),$X$4:$AA$12,4,FALSE),1/VLOOKUP(MAX(1,MIN(9,IF(MOD(IF('Langkah 1-3'!G$9>=1,'Langkah 1-3'!G$9,1/'Langkah 1-3'!G$9),1)=0.5,2*ROUND(IF('Langkah 1-3'!G$9>=1,'Langkah 1-3'!G$9,1/'Langkah 1-3'!G$9)/2,0),ROUND(IF('Langkah 1-3'!G$9>=1,'Langkah 1-3'!G$9,1/'Langkah 1-3'!G$9),0)))),$X$4:$AA$12,2,FALSE)) -> 2 | X10: 7 | Y10: 3 | Z10: 3.5 | AA10: 4
A11: K6 | B11: =IF('Langkah 1-3'!B$10>=1,VLOOKUP(MAX(1,MIN(9,IF(MOD(IF('Langkah 1-3'!B$10>=1,'Langkah 1-3'!B$10,1/'Langkah 1-3'!B$10),1)=0.5,2*ROUND(IF('Langkah 1-3'!B$10>=1,'Langkah 1-3'!B$10,1/'Langkah 1-3'!B$10)/2,0),ROUND(IF('Langkah 1-3'!B$10>=1,'Langkah 1-3'!B$10,1/'Langkah 1-3'!B$10),0)))),$X$4:$AA$12,2,FALSE),1/VLOOKUP(MAX(1,MIN(9,IF(MOD(IF('Langkah 1-3'!B$10>=1,'Langkah 1-3'!B$10,1/'Langkah 1-3'!B$10),1)=0.5,2*ROUND(IF('Langkah 1-3'!B$10>=1,'Langkah 1-3'!B$10,1/'Langkah 1-3'!B$10)/2,0),ROUND(IF('Langkah 1-3'!B$10>=1,'Langkah 1-3'!B$10,1/'Langkah 1-3'!B$10),0)))),$X$4:$AA$12,4,FALSE)) -> 0.5 | C11: =IF('Langkah 1-3'!B$10>=1,VLOOKUP(MAX(1,MIN(9,IF(MOD(IF('Langkah 1-3'!B$10>=1,'Langkah 1-3'!B$10,1/'Langkah 1-3'!B$10),1)=0.5,2*ROUND(IF('Langkah 1-3'!B$10>=1,'Langkah 1-3'!B$10,1/'Langkah 1-3'!B$10)/2,0),ROUND(IF('Langkah 1-3'!B$10>=1,'Langkah 1-3'!B$10,1/'Langkah 1-3'!B$10),0)))),$X$4:$AA$12,3,FALSE),1/VLOOKUP(MAX(1,MIN(9,IF(MOD(IF('Langkah 1-3'!B$10>=1,'Langkah 1-3'!B$10,1/'Langkah 1-3'!B$10),1)=0.5,2*ROUND(IF('Langkah 1-3'!B$10>=1,'Langkah 1-3'!B$10,1/'Langkah 1-3'!B$10)/2,0),ROUND(IF('Langkah 1-3'!B$10>=1,'Langkah 1-3'!B$10,1/'Langkah 1-3'!B$10),0)))),$X$4:$AA$12,3,FALSE)) -> 1 | D11: =IF('Langkah 1-3'!B$10>=1,VLOOKUP(MAX(1,MIN(9,IF(MOD(IF('Langkah 1-3'!B$10>=1,'Langkah 1-3'!B$10,1/'Langkah 1-3'!B$10),1)=0.5,2*ROUND(IF('Langkah 1-3'!B$10>=1,'Langkah 1-3'!B$10,1/'Langkah 1-3'!B$10)/2,0),ROUND(IF('Langkah 1-3'!B$10>=1,'Langkah 1-3'!B$10,1/'Langkah 1-3'!B$10),0)))),$X$4:$AA$12,4,FALSE),1/VLOOKUP(MAX(1,MIN(9,IF(MOD(IF('Langkah 1-3'!B$10>=1,'Langkah 1-3'!B$10,1/'Langkah 1-3'!B$10),1)=0.5,2*ROUND(IF('Langkah 1-3'!B$10>=1,'Langkah 1-3'!B$10,1/'Langkah 1-3'!B$10)/2,0),ROUND(IF('Langkah 1-3'!B$10>=1,'Langkah 1-3'!B$10,1/'Langkah 1-3'!B$10),0)))),$X$4:$AA$12,2,FALSE)) -> 1.5 | E11: =IF('Langkah 1-3'!C$10>=1,VLOOKUP(MAX(1,MIN(9,IF(MOD(IF('Langkah 1-3'!C$10>=1,'Langkah 1-3'!C$10,1/'Langkah 1-3'!C$10),1)=0.5,2*ROUND(IF('Langkah 1-3'!C$10>=1,'Langkah 1-3'!C$10,1/'Langkah 1-3'!C$10)/2,0),ROUND(IF('Langkah 1-3'!C$10>=1,'Langkah 1-3'!C$10,1/'Langkah 1-3'!C$10),0)))),$X$4:$AA$12,2,FALSE),1/VLOOKUP(MAX(1,MIN(9,IF(MOD(IF('Langkah 1-3'!C$10>=1,'Langkah 1-3'!C$10,1/'Langkah 1-3'!C$10),1)=0.5,2*ROUND(IF('Langkah 1-3'!C$10>=1,'Langkah 1-3'!C$10,1/'Langkah 1-3'!C$10)/2,0),ROUND(IF('Langkah 1-3'!C$10>=1,'Langkah 1-3'!C$10,1/'Langkah 1-3'!C$10),0)))),$X$4:$AA$12,4,FALSE)) -> 1 | F11: =IF('Langkah 1-3'!C$10>=1,VLOOKUP(MAX(1,MIN(9,IF(MOD(IF('Langkah 1-3'!C$10>=1,'Langkah 1-3'!C$10,1/'Langkah 1-3'!C$10),1)=0.5,2*ROUND(IF('Langkah 1-3'!C$10>=1,'Langkah 1-3'!C$10,1/'Langkah 1-3'!C$10)/2,0),ROUND(IF('Langkah 1-3'!C$10>=1,'Langkah 1-3'!C$10,1/'Langkah 1-3'!C$10),0)))),$X$4:$AA$12,3,FALSE),1/VLOOKUP(MAX(1,MIN(9,IF(MOD(IF('Langkah 1-3'!C$10>=1,'Langkah 1-3'!C$10,1/'Langkah 1-3'!C$10),1)=0.5,2*ROUND(IF('Langkah 1-3'!C$10>=1,'Langkah 1-3'!C$10,1/'Langkah 1-3'!C$10)/2,0),ROUND(IF('Langkah 1-3'!C$10>=1,'Langkah 1-3'!C$10,1/'Langkah 1-3'!C$10),0)))),$X$4:$AA$12,3,FALSE)) -> 1 | G11: =IF('Langkah 1-3'!C$10>=1,VLOOKUP(MAX(1,MIN(9,IF(MOD(IF('Langkah 1-3'!C$10>=1,'Langkah 1-3'!C$10,1/'Langkah 1-3'!C$10),1)=0.5,2*ROUND(IF('Langkah 1-3'!C$10>=1,'Langkah 1-3'!C$10,1/'Langkah 1-3'!C$10)/2,0),ROUND(IF('Langkah 1-3'!C$10>=1,'Langkah 1-3'!C$10,1/'Langkah 1-3'!C$10),0)))),$X$4:$AA$12,4,FALSE),1/VLOOKUP(MAX(1,MIN(9,IF(MOD(IF('Langkah 1-3'!C$10>=1,'Langkah 1-3'!C$10,1/'Langkah 1-3'!C$10),1)=0.5,2*ROUND(IF('Langkah 1-3'!C$10>=1,'Langkah 1-3'!C$10,1/'Langkah 1-3'!C$10)/2,0),ROUND(IF('Langkah 1-3'!C$10>=1,'Langkah 1-3'!C$10,1/'Langkah 1-3'!C$10),0)))),$X$4:$AA$12,2,FALSE)) -> 1 | H11: =IF('Langkah 1-3'!D$10>=1,VLOOKUP(MAX(1,MIN(9,IF(MOD(IF('Langkah 1-3'!D$10>=1,'Langkah 1-3'!D$10,1/'Langkah 1-3'!D$10),1)=0.5,2*ROUND(IF('Langkah 1-3'!D$10>=1,'Langkah 1-3'!D$10,1/'Langkah 1-3'!D$10)/2,0),ROUND(IF('Langkah 1-3'!D$10>=1,'Langkah 1-3'!D$10,1/'Langkah 1-3'!D$10),0)))),$X$4:$AA$12,2,FALSE),1/VLOOKUP(MAX(1,MIN(9,IF(MOD(IF('Langkah 1-3'!D$10>=1,'Langkah 1-3'!D$10,1/'Langkah 1-3'!D$10),1)=0.5,2*ROUND(IF('Langkah 1-3'!D$10>=1,'Langkah 1-3'!D$10,1/'Langkah 1-3'!D$10)/2,0),ROUND(IF('Langkah 1-3'!D$10>=1,'Langkah 1-3'!D$10,1/'Langkah 1-3'!D$10),0)))),$X$4:$AA$12,4,FALSE)) -> 1 | I11: =IF('Langkah 1-3'!D$10>=1,VLOOKUP(MAX(1,MIN(9,IF(MOD(IF('Langkah 1-3'!D$10>=1,'Langkah 1-3'!D$10,1/'Langkah 1-3'!D$10),1)=0.5,2*ROUND(IF('Langkah 1-3'!D$10>=1,'Langkah 1-3'!D$10,1/'Langkah 1-3'!D$10)/2,0),ROUND(IF('Langkah 1-3'!D$10>=1,'Langkah 1-3'!D$10,1/'Langkah 1-3'!D$10),0)))),$X$4:$AA$12,3,FALSE),1/VLOOKUP(MAX(1,MIN(9,IF(MOD(IF('Langkah 1-3'!D$10>=1,'Langkah 1-3'!D$10,1/'Langkah 1-3'!D$10),1)=0.5,2*ROUND(IF('Langkah 1-3'!D$10>=1,'Langkah 1-3'!D$10,1/'Langkah 1-3'!D$10)/2,0),ROUND(IF('Langkah 1-3'!D$10>=1,'Langkah 1-3'!D$10,1/'Langkah 1-3'!D$10),0)))),$X$4:$AA$12,3,FALSE)) -> 1 | J11: =IF('Langkah 1-3'!D$10>=1,VLOOKUP(MAX(1,MIN(9,IF(MOD(IF('Langkah 1-3'!D$10>=1,'Langkah 1-3'!D$10,1/'Langkah 1-3'!D$10),1)=0.5,2*ROUND(IF('Langkah 1-3'!D$10>=1,'Langkah 1-3'!D$10,1/'Langkah 1-3'!D$10)/2,0),ROUND(IF('Langkah 1-3'!D$10>=1,'Langkah 1-3'!D$10,1/'Langkah 1-3'!D$10),0)))),$X$4:$AA$12,4,FALSE),1/VLOOKUP(MAX(1,MIN(9,IF(MOD(IF('Langkah 1-3'!D$10>=1,'Langkah 1-3'!D$10,1/'Langkah 1-3'!D$10),1)=0.5,2*ROUND(IF('Langkah 1-3'!D$10>=1,'Langkah 1-3'!D$10,1/'Langkah 1-3'!D$10)/2,0),ROUND(IF('Langkah 1-3'!D$10>=1,'Langkah 1-3'!D$10,1/'Langkah 1-3'!D$10),0)))),$X$4:$AA$12,2,FALSE)) -> 1 | K11: =IF('Langkah 1-3'!E$10>=1,VLOOKUP(MAX(1,MIN(9,IF(MOD(IF('Langkah 1-3'!E$10>=1,'Langkah 1-3'!E$10,1/'Langkah 1-3'!E$10),1)=0.5,2*ROUND(IF('Langkah 1-3'!E$10>=1,'Langkah 1-3'!E$10,1/'Langkah 1-3'!E$10)/2,0),ROUND(IF('Langkah 1-3'!E$10>=1,'Langkah 1-3'!E$10,1/'Langkah 1-3'!E$10),0)))),$X$4:$AA$12,2,FALSE),1/VLOOKUP(MAX(1,MIN(9,IF(MOD(IF('Langkah 1-3'!E$10>=1,'Langkah 1-3'!E$10,1/'Langkah 1-3'!E$10),1)=0.5,2*ROUND(IF('Langkah 1-3'!E$10>=1,'Langkah 1-3'!E$10,1/'Langkah 1-3'!E$10)/2,0),ROUND(IF('Langkah 1-3'!E$10>=1,'Langkah 1-3'!E$10,1/'Langkah 1-3'!E$10),0)))),$X$4:$AA$12,4,FALSE)) -> 1.5 | L11: =IF('Langkah 1-3'!E$10>=1,VLOOKUP(MAX(1,MIN(9,IF(MOD(IF('Langkah 1-3'!E$10>=1,'Langkah 1-3'!E$10,1/'Langkah 1-3'!E$10),1)=0.5,2*ROUND(IF('Langkah 1-3'!E$10>=1,'Langkah 1-3'!E$10,1/'Langkah 1-3'!E$10)/2,0),ROUND(IF('Langkah 1-3'!E$10>=1,'Langkah 1-3'!E$10,1/'Langkah 1-3'!E$10),0)))),$X$4:$AA$12,3,FALSE),1/VLOOKUP(MAX(1,MIN(9,IF(MOD(IF('Langkah 1-3'!E$10>=1,'Langkah 1-3'!E$10,1/'Langkah 1-3'!E$10),1)=0.5,2*ROUND(IF('Langkah 1-3'!E$10>=1,'Langkah 1-3'!E$10,1/'Langkah 1-3'!E$10)/2,0),ROUND(IF('Langkah 1-3'!E$10>=1,'Langkah 1-3'!E$10,1/'Langkah 1-3'!E$10),0)))),$X$4:$AA$12,3,FALSE)) -> 2 | M11: =IF('Langkah 1-3'!E$10>=1,VLOOKUP(MAX(1,MIN(9,IF(MOD(IF('Langkah 1-3'!E$10>=1,'Langkah 1-3'!E$10,1/'Langkah 1-3'!E$10),1)=0.5,2*ROUND(IF('Langkah 1-3'!E$10>=1,'Langkah 1-3'!E$10,1/'Langkah 1-3'!E$10)/2,0),ROUND(IF('Langkah 1-3'!E$10>=1,'Langkah 1-3'!E$10,1/'Langkah 1-3'!E$10),0)))),$X$4:$AA$12,4,FALSE),1/VLOOKUP(MAX(1,MIN(9,IF(MOD(IF('Langkah 1-3'!E$10>=1,'Langkah 1-3'!E$10,1/'Langkah 1-3'!E$10),1)=0.5,2*ROUND(IF('Langkah 1-3'!E$10>=1,'Langkah 1-3'!E$10,1/'Langkah 1-3'!E$10)/2,0),ROUND(IF('Langkah 1-3'!E$10>=1,'Langkah 1-3'!E$10,1/'Langkah 1-3'!E$10),0)))),$X$4:$AA$12,2,FALSE)) -> 2.5 | N11: =IF('Langkah 1-3'!F$10>=1,VLOOKUP(MAX(1,MIN(9,IF(MOD(IF('Langkah 1-3'!F$10>=1,'Langkah 1-3'!F$10,1/'Langkah 1-3'!F$10),1)=0.5,2*ROUND(IF('Langkah 1-3'!F$10>=1,'Langkah 1-3'!F$10,1/'Langkah 1-3'!F$10)/2,0),ROUND(IF('Langkah 1-3'!F$10>=1,'Langkah 1-3'!F$10,1/'Langkah 1-3'!F$10),0)))),$X$4:$AA$12,2,FALSE),1/VLOOKUP(MAX(1,MIN(9,IF(MOD(IF('Langkah 1-3'!F$10>=1,'Langkah 1-3'!F$10,1/'Langkah 1-3'!F$10),1)=0.5,2*ROUND(IF('Langkah 1-3'!F$10>=1,'Langkah 1-3'!F$10,1/'Langkah 1-3'!F$10)/2,0),ROUND(IF('Langkah 1-3'!F$10>=1,'Langkah 1-3'!F$10,1/'Langkah 1-3'!F$10),0)))),$X$4:$AA$12,4,FALSE)) -> 0.5 | O11: =IF('Langkah 1-3'!F$10>=1,VLOOKUP(MAX(1,MIN(9,IF(MOD(IF('Langkah 1-3'!F$10>=1,'Langkah 1-3'!F$10,1/'Langkah 1-3'!F$10),1)=0.5,2*ROUND(IF('Langkah 1-3'!F$10>=1,'Langkah 1-3'!F$10,1/'Langkah 1-3'!F$10)/2,0),ROUND(IF('Langkah 1-3'!F$10>=1,'Langkah 1-3'!F$10,1/'Langkah 1-3'!F$10),0)))),$X$4:$AA$12,3,FALSE),1/VLOOKUP(MAX(1,MIN(9,IF(MOD(IF('Langkah 1-3'!F$10>=1,'Langkah 1-3'!F$10,1/'Langkah 1-3'!F$10),1)=0.5,2*ROUND(IF('Langkah 1-3'!F$10>=1,'Langkah 1-3'!F$10,1/'Langkah 1-3'!F$10)/2,0),ROUND(IF('Langkah 1-3'!F$10>=1,'Langkah 1-3'!F$10,1/'Langkah 1-3'!F$10),0)))),$X$4:$AA$12,3,FALSE)) -> 1 | P11: =IF('Langkah 1-3'!F$10>=1,VLOOKUP(MAX(1,MIN(9,IF(MOD(IF('Langkah 1-3'!F$10>=1,'Langkah 1-3'!F$10,1/'Langkah 1-3'!F$10),1)=0.5,2*ROUND(IF('Langkah 1-3'!F$10>=1,'Langkah 1-3'!F$10,1/'Langkah 1-3'!F$10)/2,0),ROUND(IF('Langkah 1-3'!F$10>=1,'Langkah 1-3'!F$10,1/'Langkah 1-3'!F$10),0)))),$X$4:$AA$12,4,FALSE),1/VLOOKUP(MAX(1,MIN(9,IF(MOD(IF('Langkah 1-3'!F$10>=1,'Langkah 1-3'!F$10,1/'Langkah 1-3'!F$10),1)=0.5,2*ROUND(IF('Langkah 1-3'!F$10>=1,'Langkah 1-3'!F$10,1/'Langkah 1-3'!F$10)/2,0),ROUND(IF('Langkah 1-3'!F$10>=1,'Langkah 1-3'!F$10,1/'Langkah 1-3'!F$10),0)))),$X$4:$AA$12,2,FALSE)) -> 1.5 | Q11: =IF('Langkah 1-3'!G$10>=1,VLOOKUP(MAX(1,MIN(9,IF(MOD(IF('Langkah 1-3'!G$10>=1,'Langkah 1-3'!G$10,1/'Langkah 1-3'!G$10),1)=0.5,2*ROUND(IF('Langkah 1-3'!G$10>=1,'Langkah 1-3'!G$10,1/'Langkah 1-3'!G$10)/2,0),ROUND(IF('Langkah 1-3'!G$10>=1,'Langkah 1-3'!G$10,1/'Langkah 1-3'!G$10),0)))),$X$4:$AA$12,2,FALSE),1/VLOOKUP(MAX(1,MIN(9,IF(MOD(IF('Langkah 1-3'!G$10>=1,'Langkah 1-3'!G$10,1/'Langkah 1-3'!G$10),1)=0.5,2*ROUND(IF('Langkah 1-3'!G$10>=1,'Langkah 1-3'!G$10,1/'Langkah 1-3'!G$10)/2,0),ROUND(IF('Langkah 1-3'!G$10>=1,'Langkah 1-3'!G$10,1/'Langkah 1-3'!G$10),0)))),$X$4:$AA$12,4,FALSE)) -> 1 | R11: =IF('Langkah 1-3'!G$10>=1,VLOOKUP(MAX(1,MIN(9,IF(MOD(IF('Langkah 1-3'!G$10>=1,'Langkah 1-3'!G$10,1/'Langkah 1-3'!G$10),1)=0.5,2*ROUND(IF('Langkah 1-3'!G$10>=1,'Langkah 1-3'!G$10,1/'Langkah 1-3'!G$10)/2,0),ROUND(IF('Langkah 1-3'!G$10>=1,'Langkah 1-3'!G$10,1/'Langkah 1-3'!G$10),0)))),$X$4:$AA$12,3,FALSE),1/VLOOKUP(MAX(1,MIN(9,IF(MOD(IF('Langkah 1-3'!G$10>=1,'Langkah 1-3'!G$10,1/'Langkah 1-3'!G$10),1)=0.5,2*ROUND(IF('Langkah 1-3'!G$10>=1,'Langkah 1-3'!G$10,1/'Langkah 1-3'!G$10)/2,0),ROUND(IF('Langkah 1-3'!G$10>=1,'Langkah 1-3'!G$10,1/'Langkah 1-3'!G$10),0)))),$X$4:$AA$12,3,FALSE)) -> 1 | S11: =IF('Langkah 1-3'!G$10>=1,VLOOKUP(MAX(1,MIN(9,IF(MOD(IF('Langkah 1-3'!G$10>=1,'Langkah 1-3'!G$10,1/'Langkah 1-3'!G$10),1)=0.5,2*ROUND(IF('Langkah 1-3'!G$10>=1,'Langkah 1-3'!G$10,1/'Langkah 1-3'!G$10)/2,0),ROUND(IF('Langkah 1-3'!G$10>=1,'Langkah 1-3'!G$10,1/'Langkah 1-3'!G$10),0)))),$X$4:$AA$12,4,FALSE),1/VLOOKUP(MAX(1,MIN(9,IF(MOD(IF('Langkah 1-3'!G$10>=1,'Langkah 1-3'!G$10,1/'Langkah 1-3'!G$10),1)=0.5,2*ROUND(IF('Langkah 1-3'!G$10>=1,'Langkah 1-3'!G$10,1/'Langkah 1-3'!G$10)/2,0),ROUND(IF('Langkah 1-3'!G$10>=1,'Langkah 1-3'!G$10,1/'Langkah 1-3'!G$10),0)))),$X$4:$AA$12,2,FALSE)) -> 1 | X11: 8 | Y11: 3.5 | Z11: 4 | AA11: 4.5
X12: 9 | Y12: 4 | Z12: 4.5 | AA12: 4.5
A13: LANGKAH 5: FUZZY SYNTHETIC EXTENT
A14: Penjumlahan Baris Matriks Fuzzy
A15: Kriteria | B15: Σl | C15: Σm | D15: Σu
A16: Status Keaktifan | B16: =B6+E6+H6+K6+N6+Q6 -> 4.8333333 | C16: =C6+F6+I6+L6+O6+R6 -> 6 | D16: =D6+G6+J6+M6+P6+S6 -> 8.5
A17: Pencapaian SKU | B17: =B7+E7+H7+K7+N7+Q7 -> 5.5 | C17: =C7+F7+I7+L7+O7+R7 -> 7 | D17: =D7+G7+J7+M7+P7+S7 -> 8.5
A18: Pencapaian SPG | B18: =B8+E8+H8+K8+N8+Q8 -> 6 | C18: =C8+F8+I8+L8+O8+R8 -> 7 | D18: =D8+G8+J8+M8+P8+S8 -> 8
A19: Kesehatan Jasmani | B19: =B9+E9+H9+K9+N9+Q9 -> 3.5333333 | C19: =C9+F9+I9+L9+O9+R9 -> 4.5 | D19: =D9+G9+J9+M9+P9+S9 -> 7
A20: Tes Wawancara | B20: =B10+E10+H10+K10+N10+Q10 -> 4.5 | C20: =C10+F10+I10+L10+O10+R10 -> 6 | D20: =D10+G10+J10+M10+P10+S10 -> 9.5
A21: Tes Pilihan Ganda | B21: =B11+E11+H11+K11+N11+Q11 -> 5.5 | C21: =C11+F11+I11+L11+O11+R11 -> 7 | D21: =D11+G11+J11+M11+P11+S11 -> 8.5
A22: Total | B22: =SUM(B16:B21) -> 29.866667 | C22: =SUM(C16:C21) -> 37.5 | D22: =SUM(D16:D21) -> 50
A24: Fuzzy Synthetic Extent (Si)
A25: Kriteria | B25: Si(l) | C25: Si(m) | D25: Si(u)
A26: Status Keaktifan | B26: =B16/$D$22 -> 0.096666667 | C26: =C16/$C$22 -> 0.16 | D26: =D16/$B$22 -> 0.28459821
A27: Pencapaian SKU | B27: =B17/$D$22 -> 0.11 | C27: =C17/$C$22 -> 0.18666667 | D27: =D17/$B$22 -> 0.28459821
A28: Pencapaian SPG | B28: =B18/$D$22 -> 0.12 | C28: =C18/$C$22 -> 0.18666667 | D28: =D18/$B$22 -> 0.26785714
A29: Kesehatan Jasmani | B29: =B19/$D$22 -> 0.070666667 | C29: =C19/$C$22 -> 0.12 | D29: =D19/$B$22 -> 0.234375
A30: Tes Wawancara | B30: =B20/$D$22 -> 0.09 | C30: =C20/$C$22 -> 0.16 | D30: =D20/$B$22 -> 0.31808036
A31: Tes Pilihan Ganda | B31: =B21/$D$22 -> 0.11 | C31: =C21/$C$22 -> 0.18666667 | D31: =D21/$B$22 -> 0.28459821
A33: LANGKAH 6: PERBANDINGAN PROBABILITAS, NORMALISASI & BOBOT GLOBAL
A34: V(Si>=Sk) = 1 jika mi>=mk | 0 jika lk>=ui | (lk-ui)/((mi-ui)-(mk-lk))
A35: Matriks V(Si >= Sk)
A36: V(Si>=Sk) | B36: K1 | C36: K2 | D36: K3 | E36: K4 | F36: K5 | G36: K6
A37: K1 | B37: - | C37: =IF($C$26>=$C$27,1,IF($B$27>=$D$26,0,($B$27-$D$26)/(($C$26-$D$26)-($C$27-$B$27)))) -> 0.86750462 | D37: =IF($C$26>=$C$28,1,IF($B$28>=$D$26,0,($B$28-$D$26)/(($C$26-$D$26)-($C$28-$B$28)))) -> 0.8605773 | E37: =IF($C$26>=$C$29,1,IF($B$29>=$D$26,0,($B$29-$D$26)/(($C$26-$D$26)-($C$29-$B$29)))) -> 1 | F37: =IF($C$26>=$C$30,1,IF($B$30>=$D$26,0,($B$30-$D$26)/(($C$26-$D$26)-($C$30-$B$30)))) -> 1 | G37: =IF($C$26>=$C$31,1,IF($B$31>=$D$26,0,($B$31-$D$26)/(($C$26-$D$26)-($C$31-$B$31)))) -> 0.86750462
A38: K2 | B38: =IF($C$27>=$C$26,1,IF($B$26>=$D$27,0,($B$26-$D$27)/(($C$27-$D$27)-($C$26-$B$26)))) -> 1 | C38: - | D38: =IF($C$27>=$C$28,1,IF($B$28>=$D$27,0,($B$28-$D$27)/(($C$27-$D$27)-($C$28-$B$28)))) -> 1 | E38: =IF($C$27>=$C$29,1,IF($B$29>=$D$27,0,($B$29-$D$27)/(($C$27-$D$27)-($C$29-$B$29)))) -> 1 | F38: =IF($C$27>=$C$30,1,IF($B$30>=$D$27,0,($B$30-$D$27)/(($C$27-$D$27)-($C$30-$B$30)))) -> 1 | G38: =IF($C$27>=$C$31,1,IF($B$31>=$D$27,0,($B$31-$D$27)/(($C$27-$D$27)-($C$31-$B$31)))) -> 1
A39: K3 | B39: =IF($C$28>=$C$26,1,IF($B$26>=$D$28,0,($B$26-$D$28)/(($C$28-$D$28)-($C$26-$B$26)))) -> 1 | C39: =IF($C$28>=$C$27,1,IF($B$27>=$D$28,0,($B$27-$D$28)/(($C$28-$D$28)-($C$27-$B$27)))) -> 1 | D39: - | E39: =IF($C$28>=$C$29,1,IF($B$29>=$D$28,0,($B$29-$D$28)/(($C$28-$D$28)-($C$29-$B$29)))) -> 1 | F39: =IF($C$28>=$C$30,1,IF($B$30>=$D$28,0,($B$30-$D$28)/(($C$28-$D$28)-($C$30-$B$30)))) -> 1 | G39: =IF($C$28>=$C$31,1,IF($B$31>=$D$28,0,($B$31-$D$28)/(($C$28-$D$28)-($C$31-$B$31)))) -> 1
A40: K4 | B40: =IF($C$29>=$C$26,1,IF($B$26>=$D$29,0,($B$26-$D$29)/(($C$29-$D$29)-($C$26-$B$26)))) -> 0.77491208 | C40: =IF($C$29>=$C$27,1,IF($B$27>=$D$29,0,($B$27-$D$29)/(($C$29-$D$29)-($C$27-$B$27)))) -> 0.65103599 | D40: =IF($C$29>=$C$28,1,IF($B$28>=$D$29,0,($B$28-$D$29)/(($C$29-$D$29)-($C$28-$B$28)))) -> 0.63176064 | E40: - | F40: =IF($C$29>=$C$30,1,IF($B$30>=$D$29,0,($B$30-$D$29)/(($C$29-$D$29)-($C$30-$B$30)))) -> 0.78305085 | G40: =IF($C$29>=$C$31,1,IF($B$31>=$D$29,0,($B$31-$D$29)/(($C$29-$D$29)-($C$31-$B$31)))) -> 0.65103599
A41: K5 | B41: =IF($C$30>=$C$26,1,IF($B$26>=$D$30,0,($B$26-$D$30)/(($C$30-$D$30)-($C$26-$B$26)))) -> 1 | C41: =IF($C$30>=$C$27,1,IF($B$27>=$D$30,0,($B$27-$D$30)/(($C$30-$D$30)-($C$27-$B$27)))) -> 0.88640254 | D41: =IF($C$30>=$C$28,1,IF($B$28>=$D$30,0,($B$28-$D$30)/(($C$30-$D$30)-($C$28-$B$28)))) -> 0.88134808 | E41: =IF($C$30>=$C$29,1,IF($B$29>=$D$30,0,($B$29-$D$30)/(($C$30-$D$30)-($C$29-$B$29)))) -> 1 | F41: - | G41: =IF($C$30>=$C$31,1,IF($B$31>=$D$30,0,($B$31-$D$30)/(($C$30-$D$30)-($C$31-$B$31)))) -> 0.88640254
A42: K6 | B42: =IF($C$31>=$C$26,1,IF($B$26>=$D$31,0,($B$26-$D$31)/(($C$31-$D$31)-($C$26-$B$26)))) -> 1 | C42: =IF($C$31>=$C$27,1,IF($B$27>=$D$31,0,($B$27-$D$31)/(($C$31-$D$31)-($C$27-$B$27)))) -> 1 | D42: =IF($C$31>=$C$28,1,IF($B$28>=$D$31,0,($B$28-$D$31)/(($C$31-$D$31)-($C$28-$B$28)))) -> 1 | E42: =IF($C$31>=$C$29,1,IF($B$29>=$D$31,0,($B$29-$D$31)/(($C$31-$D$31)-($C$29-$B$29)))) -> 1 | F42: =IF($C$31>=$C$30,1,IF($B$30>=$D$31,0,($B$30-$D$31)/(($C$31-$D$31)-($C$30-$B$30)))) -> 1 | G42: -
A44: Nilai Ordinat d'(Ai) = min V(Si >= Sk)
A45: Kriteria | B45: d'(Ai)
A46: Status Keaktifan | B46: =MIN(C37,D37,E37,F37,G37) -> 0.8605773
A47: Pencapaian SKU | B47: =MIN(B38,D38,E38,F38,G38) -> 1
A48: Pencapaian SPG | B48: =MIN(B39,C39,E39,F39,G39) -> 1
A49: Kesehatan Jasmani | B49: =MIN(B40,C40,D40,F40,G40) -> 0.63176064
A50: Tes Wawancara | B50: =MIN(B41,C41,D41,E41,G41) -> 0.88134808
A51: Tes Pilihan Ganda | B51: =MIN(B42,C42,D42,E42,F42) -> 1
A53: Bobot Global Ternormalisasi (Wi)
A54: wi = d'(Ai) / Σ d'(Ai)
A55: Kriteria | B55: Bobot Global (Wi)
A56: Status Keaktifan | B56: =B46/SUM(B46:B51) -> 0.16014655
A57: Pencapaian SKU | B57: =B47/SUM(B46:B51) -> 0.186092
A58: Pencapaian SPG | B58: =B48/SUM(B46:B51) -> 0.186092
A59: Kesehatan Jasmani | B59: =B49/SUM(B46:B51) -> 0.1175656
A60: Tes Wawancara | B60: =B50/SUM(B46:B51) -> 0.16401183
A61: Tes Pilihan Ganda | B61: =B51/SUM(B46:B51) -> 0.186092
A62: Total | B62: =SUM(B56:B61) -> 1

Sheet Hasil & Ranking
A1: SKOR AKHIR (DEFUZZIFIKASI)
A2: Skor = (ΣL×w + ΣM×w + ΣU×w) / 3
A3: Bobot = Wi dari Langkah 6 (Fuzzy AHP). Fuzzy: nilai<=5 → Likert TFN, nilai>5 → (nilai-5, nilai, nilai+5)
A5: BOBOT (Wi dari Fuzzy AHP)
A6: K1 | B6: K2 | C6: K3 | D6: K4 | E6: K5 | F6: K6
A7: ='Langkah 4-6'!B56 -> 0.16014655 | B7: ='Langkah 4-6'!B57 -> 0.186092 | C7: ='Langkah 4-6'!B58 -> 0.186092 | D7: ='Langkah 4-6'!B59 -> 0.1175656 | E7: ='Langkah 4-6'!B60 -> 0.16401183 | F7: ='Langkah 4-6'!B61 -> 0.186092
A9: PERHITUNGAN SKOR
A10: No | B10: Nama | C10: ΣL×w | D10: ΣM×w | E10: ΣU×w | F10: Skor | G10: Rank
A11: 1 | B11: =Input!B14 -> David Kulian | C11: =IF('Rekap Nilai'!C5<=5,IF('Rekap Nilai'!C5<=1,1,IF('Rekap Nilai'!C5<=2,1,IF('Rekap Nilai'!C5<=3,2,IF('Rekap Nilai'!C5<=4,3,4)))),MAX(0,'Rekap Nilai'!C5-5))*$A$7+IF('Rekap Nilai'!D5<=5,IF('Rekap Nilai'!D5<=1,1,IF('Rekap Nilai'!D5<=2,1,IF('Rekap Nilai'!D5<=3,2,IF('Rekap Nilai'!D5<=4,3,4)))),MAX(0,'Rekap Nilai'!D5-5))*$B$7+IF('Rekap Nilai'!E5<=5,IF('Rekap Nilai'!E5<=1,1,IF('Rekap Nilai'!E5<=2,1,IF('Rekap Nilai'!E5<=3,2,IF('Rekap Nilai'!E5<=4,3,4)))),MAX(0,'Rekap Nilai'!E5-5))*$C$7+IF('Rekap Nilai'!F5<=5,IF('Rekap Nilai'!F5<=1,1,IF('Rekap Nilai'!F5<=2,1,IF('Rekap Nilai'!F5<=3,2,IF('Rekap Nilai'!F5<=4,3,4)))),MAX(0,'Rekap Nilai'!F5-5))*$D$7+IF('Rekap Nilai'!G5<=5,IF('Rekap Nilai'!G5<=1,1,IF('Rekap Nilai'!G5<=2,1,IF('Rekap Nilai'!G5<=3,2,IF('Rekap Nilai'!G5<=4,3,4)))),MAX(0,'Rekap Nilai'!G5-5))*$E$7+IF('Rekap Nilai'!H5<=5,IF('Rekap Nilai'!H5<=1,1,IF('Rekap Nilai'!H5<=2,1,IF('Rekap Nilai'!H5<=3,2,IF('Rekap Nilai'!H5<=4,3,4)))),MAX(0,'Rekap Nilai'!H5-5))*$F$7 -> 18.191018 | D11: =IF('Rekap Nilai'!C5<=5,IF('Rekap Nilai'!C5<=1,1,IF('Rekap Nilai'!C5<=2,2,IF('Rekap Nilai'!C5<=3,3,IF('Rekap Nilai'!C5<=4,4,5)))),'Rekap Nilai'!C5)*$A$7+IF('Rekap Nilai'!D5<=5,IF('Rekap Nilai'!D5<=1,1,IF('Rekap Nilai'!D5<=2,2,IF('Rekap Nilai'!D5<=3,3,IF('Rekap Nilai'!D5<=4,4,5)))),'Rekap Nilai'!D5)*$B$7+IF('Rekap Nilai'!E5<=5,IF('Rekap Nilai'!E5<=1,1,IF('Rekap Nilai'!E5<=2,2,IF('Rekap Nilai'!E5<=3,3,IF('Rekap Nilai'!E5<=4,4,5)))),'Rekap Nilai'!E5)*$C$7+IF('Rekap Nilai'!F5<=5,IF('Rekap Nilai'!F5<=1,1,IF('Rekap Nilai'!F5<=2,2,IF('Rekap Nilai'!F5<=3,3,IF('Rekap Nilai'!F5<=4,4,5)))),'Rekap Nilai'!F5)*$D$7+IF('Rekap Nilai'!G5<=5,IF('Rekap Nilai'!G5<=1,1,IF('Rekap Nilai'!G5<=2,2,IF('Rekap Nilai'!G5<=3,3,IF('Rekap Nilai'!G5<=4,4,5)))),'Rekap Nilai'!G5)*$E$7+IF('Rekap Nilai'!H5<=5,IF('Rekap Nilai'!H5<=1,1,IF('Rekap Nilai'!H5<=2,2,IF('Rekap Nilai'!H5<=3,3,IF('Rekap Nilai'!H5<=4,4,5)))),'Rekap Nilai'!H5)*$F$7 -> 19.935386 | E11: =IF('Rekap Nilai'!C5<=5,IF('Rekap Nilai'!C5<=1,2,IF('Rekap Nilai'!C5<=2,3,IF('Rekap Nilai'!C5<=3,4,IF('Rekap Nilai'!C5<=4,5,5)))),MIN(100,'Rekap Nilai'!C5+5))*$A$7+IF('Rekap Nilai'!D5<=5,IF('Rekap Nilai'!D5<=1,2,IF('Rekap Nilai'!D5<=2,3,IF('Rekap Nilai'!D5<=3,4,IF('Rekap Nilai'!D5<=4,5,5)))),MIN(100,'Rekap Nilai'!D5+5))*$B$7+IF('Rekap Nilai'!E5<=5,IF('Rekap Nilai'!E5<=1,2,IF('Rekap Nilai'!E5<=2,3,IF('Rekap Nilai'!E5<=3,4,IF('Rekap Nilai'!E5<=4,5,5)))),MIN(100,'Rekap Nilai'!E5+5))*$C$7+IF('Rekap Nilai'!F5<=5,IF('Rekap Nilai'!F5<=1,2,IF('Rekap Nilai'!F5<=2,3,IF('Rekap Nilai'!F5<=3,4,IF('Rekap Nilai'!F5<=4,5,5)))),MIN(100,'Rekap Nilai'!F5+5))*$D$7+IF('Rekap Nilai'!G5<=5,IF('Rekap Nilai'!G5<=1,2,IF('Rekap Nilai'!G5<=2,3,IF('Rekap Nilai'!G5<=3,4,IF('Rekap Nilai'!G5<=4,5,5)))),MIN(100,'Rekap Nilai'!G5+5))*$E$7+IF('Rekap Nilai'!H5<=5,IF('Rekap Nilai'!H5<=1,2,IF('Rekap Nilai'!H5<=2,3,IF('Rekap Nilai'!H5<=3,4,IF('Rekap Nilai'!H5<=4,5,5)))),MIN(100,'Rekap Nilai'!H5+5))*$F$7 -> 21.376096 | F11: =(C11+D11+E11)/3 -> 19.834167 | G11: =IF(B11="","",RANK(F11,$F$11:$F$20,0)) -> 10
A12: 2 | B12: =Input!B15 -> Siti Aminah | C12: =IF('Rekap Nilai'!C6<=5,IF('Rekap Nilai'!C6<=1,1,IF('Rekap Nilai'!C6<=2,1,IF('Rekap Nilai'!C6<=3,2,IF('Rekap Nilai'!C6<=4,3,4)))),MAX(0,'Rekap Nilai'!C6-5))*$A$7+IF('Rekap Nilai'!D6<=5,IF('Rekap Nilai'!D6<=1,1,IF('Rekap Nilai'!D6<=2,1,IF('Rekap Nilai'!D6<=3,2,IF('Rekap Nilai'!D6<=4,3,4)))),MAX(0,'Rekap Nilai'!D6-5))*$B$7+IF('Rekap Nilai'!E6<=5,IF('Rekap Nilai'!E6<=1,1,IF('Rekap Nilai'!E6<=2,1,IF('Rekap Nilai'!E6<=3,2,IF('Rekap Nilai'!E6<=4,3,4)))),MAX(0,'Rekap Nilai'!E6-5))*$C$7+IF('Rekap Nilai'!F6<=5,IF('Rekap Nilai'!F6<=1,1,IF('Rekap Nilai'!F6<=2,1,IF('Rekap Nilai'!F6<=3,2,IF('Rekap Nilai'!F6<=4,3,4)))),MAX(0,'Rekap Nilai'!F6-5))*$D$7+IF('Rekap Nilai'!G6<=5,IF('Rekap Nilai'!G6<=1,1,IF('Rekap Nilai'!G6<=2,1,IF('Rekap Nilai'!G6<=3,2,IF('Rekap Nilai'!G6<=4,3,4)))),MAX(0,'Rekap Nilai'!G6-5))*$E$7+IF('Rekap Nilai'!H6<=5,IF('Rekap Nilai'!H6<=1,1,IF('Rekap Nilai'!H6<=2,1,IF('Rekap Nilai'!H6<=3,2,IF('Rekap Nilai'!H6<=4,3,4)))),MAX(0,'Rekap Nilai'!H6-5))*$F$7 -> 76.394227 | D12: =IF('Rekap Nilai'!C6<=5,IF('Rekap Nilai'!C6<=1,1,IF('Rekap Nilai'!C6<=2,2,IF('Rekap Nilai'!C6<=3,3,IF('Rekap Nilai'!C6<=4,4,5)))),'Rekap Nilai'!C6)*$A$7+IF('Rekap Nilai'!D6<=5,IF('Rekap Nilai'!D6<=1,1,IF('Rekap Nilai'!D6<=2,2,IF('Rekap Nilai'!D6<=3,3,IF('Rekap Nilai'!D6<=4,4,5)))),'Rekap Nilai'!D6)*$B$7+IF('Rekap Nilai'!E6<=5,IF('Rekap Nilai'!E6<=1,1,IF('Rekap Nilai'!E6<=2,2,IF('Rekap Nilai'!E6<=3,3,IF('Rekap Nilai'!E6<=4,4,5)))),'Rekap Nilai'!E6)*$C$7+IF('Rekap Nilai'!F6<=5,IF('Rekap Nilai'!F6<=1,1,IF('Rekap Nilai'!F6<=2,2,IF('Rekap Nilai'!F6<=3,3,IF('Rekap Nilai'!F6<=4,4,5)))),'Rekap Nilai'!F6)*$D$7+IF('Rekap Nilai'!G6<=5,IF('Rekap Nilai'!G6<=1,1,IF('Rekap Nilai'!G6<=2,2,IF('Rekap Nilai'!G6<=3,3,IF('Rekap Nilai'!G6<=4,4,5)))),'Rekap Nilai'!G6)*$E$7+IF('Rekap Nilai'!H6<=5,IF('Rekap Nilai'!H6<=1,1,IF('Rekap Nilai'!H6<=2,2,IF('Rekap Nilai'!H6<=3,3,IF('Rekap Nilai'!H6<=4,4,5)))),'Rekap Nilai'!H6)*$F$7 -> 81.394227 | E12: =IF('Rekap Nilai'!C6<=5,IF('Rekap Nilai'!C6<=1,2,IF('Rekap Nilai'!C6<=2,3,IF('Rekap Nilai'!C6<=3,4,IF('Rekap Nilai'!C6<=4,5,5)))),MIN(100,'Rekap Nilai'!C6+5))*$A$7+IF('Rekap Nilai'!D6<=5,IF('Rekap Nilai'!D6<=1,2,IF('Rekap Nilai'!D6<=2,3,IF('Rekap Nilai'!D6<=3,4,IF('Rekap Nilai'!D6<=4,5,5)))),MIN(100,'Rekap Nilai'!D6+5))*$B$7+IF('Rekap Nilai'!E6<=5,IF('Rekap Nilai'!E6<=1,2,IF('Rekap Nilai'!E6<=2,3,IF('Rekap Nilai'!E6<=3,4,IF('Rekap Nilai'!E6<=4,5,5)))),MIN(100,'Rekap Nilai'!E6+5))*$C$7+IF('Rekap Nilai'!F6<=5,IF('Rekap Nilai'!F6<=1,2,IF('Rekap Nilai'!F6<=2,3,IF('Rekap Nilai'!F6<=3,4,IF('Rekap Nilai'!F6<=4,5,5)))),MIN(100,'Rekap Nilai'!F6+5))*$D$7+IF('Rekap Nilai'!G6<=5,IF('Rekap Nilai'!G6<=1,2,IF('Rekap Nilai'!G6<=2,3,IF('Rekap Nilai'!G6<=3,4,IF('Rekap Nilai'!G6<=4,5,5)))),MIN(100,'Rekap Nilai'!G6+5))*$E$7+IF('Rekap Nilai'!H6<=5,IF('Rekap Nilai'!H6<=1,2,IF('Rekap Nilai'!H6<=2,3,IF('Rekap Nilai'!H6<=3,4,IF('Rekap Nilai'!H6<=4,5,5)))),MIN(100,'Rekap Nilai'!H6+5))*$F$7 -> 86.394227 | F12: =(C12+D12+E12)/3 -> 81.394227 | G12: =IF(B12="","",RANK(F12,$F$11:$F$20,0)) -> 9
A13: 3 | B13: =Input!B16 -> Budi Santoso | C13: =IF('Rekap Nilai'!C7<=5,IF('Rekap Nilai'!C7<=1,1,IF('Rekap Nilai'!C7<=2,1,IF('Rekap Nilai'!C7<=3,2,IF('Rekap Nilai'!C7<=4,3,4)))),MAX(0,'Rekap Nilai'!C7-5))*$A$7+IF('Rekap Nilai'!D7<=5,IF('Rekap Nilai'!D7<=1,1,IF('Rekap Nilai'!D7<=2,1,IF('Rekap Nilai'!D7<=3,2,IF('Rekap Nilai'!D7<=4,3,4)))),MAX(0,'Rekap Nilai'!D7-5))*$B$7+IF('Rekap Nilai'!E7<=5,IF('Rekap Nilai'!E7<=1,1,IF('Rekap Nilai'!E7<=2,1,IF('Rekap Nilai'!E7<=3,2,IF('Rekap Nilai'!E7<=4,3,4)))),MAX(0,'Rekap Nilai'!E7-5))*$C$7+IF('Rekap Nilai'!F7<=5,IF('Rekap Nilai'!F7<=1,1,IF('Rekap Nilai'!F7<=2,1,IF('Rekap Nilai'!F7<=3,2,IF('Rekap Nilai'!F7<=4,3,4)))),MAX(0,'Rekap Nilai'!F7-5))*$D$7+IF('Rekap Nilai'!G7<=5,IF('Rekap Nilai'!G7<=1,1,IF('Rekap Nilai'!G7<=2,1,IF('Rekap Nilai'!G7<=3,2,IF('Rekap Nilai'!G7<=4,3,4)))),MAX(0,'Rekap Nilai'!G7-5))*$E$7+IF('Rekap Nilai'!H7<=5,IF('Rekap Nilai'!H7<=1,1,IF('Rekap Nilai'!H7<=2,1,IF('Rekap Nilai'!H7<=3,2,IF('Rekap Nilai'!H7<=4,3,4)))),MAX(0,'Rekap Nilai'!H7-5))*$F$7 -> 83.437756 | D13: =IF('Rekap Nilai'!C7<=5,IF('Rekap Nilai'!C7<=1,1,IF('Rekap Nilai'!C7<=2,2,IF('Rekap Nilai'!C7<=3,3,IF('Rekap Nilai'!C7<=4,4,5)))),'Rekap Nilai'!C7)*$A$7+IF('Rekap Nilai'!D7<=5,IF('Rekap Nilai'!D7<=1,1,IF('Rekap Nilai'!D7<=2,2,IF('Rekap Nilai'!D7<=3,3,IF('Rekap Nilai'!D7<=4,4,5)))),'Rekap Nilai'!D7)*$B$7+IF('Rekap Nilai'!E7<=5,IF('Rekap Nilai'!E7<=1,1,IF('Rekap Nilai'!E7<=2,2,IF('Rekap Nilai'!E7<=3,3,IF('Rekap Nilai'!E7<=4,4,5)))),'Rekap Nilai'!E7)*$C$7+IF('Rekap Nilai'!F7<=5,IF('Rekap Nilai'!F7<=1,1,IF('Rekap Nilai'!F7<=2,2,IF('Rekap Nilai'!F7<=3,3,IF('Rekap Nilai'!F7<=4,4,5)))),'Rekap Nilai'!F7)*$D$7+IF('Rekap Nilai'!G7<=5,IF('Rekap Nilai'!G7<=1,1,IF('Rekap Nilai'!G7<=2,2,IF('Rekap Nilai'!G7<=3,3,IF('Rekap Nilai'!G7<=4,4,5)))),'Rekap Nilai'!G7)*$E$7+IF('Rekap Nilai'!H7<=5,IF('Rekap Nilai'!H7<=1,1,IF('Rekap Nilai'!H7<=2,2,IF('Rekap Nilai'!H7<=3,3,IF('Rekap Nilai'!H7<=4,4,5)))),'Rekap Nilai'!H7)*$F$7 -> 88.437756 | E13: =IF('Rekap Nilai'!C7<=5,IF('Rekap Nilai'!C7<=1,2,IF('Rekap Nilai'!C7<=2,3,IF('Rekap Nilai'!C7<=3,4,IF('Rekap Nilai'!C7<=4,5,5)))),MIN(100,'Rekap Nilai'!C7+5))*$A$7+IF('Rekap Nilai'!D7<=5,IF('Rekap Nilai'!D7<=1,2,IF('Rekap Nilai'!D7<=2,3,IF('Rekap Nilai'!D7<=3,4,IF('Rekap Nilai'!D7<=4,5,5)))),MIN(100,'Rekap Nilai'!D7+5))*$B$7+IF('Rekap Nilai'!E7<=5,IF('Rekap Nilai'!E7<=1,2,IF('Rekap Nilai'!E7<=2,3,IF('Rekap Nilai'!E7<=3,4,IF('Rekap Nilai'!E7<=4,5,5)))),MIN(100,'Rekap Nilai'!E7+5))*$C$7+IF('Rekap Nilai'!F7<=5,IF('Rekap Nilai'!F7<=1,2,IF('Rekap Nilai'!F7<=2,3,IF('Rekap Nilai'!F7<=3,4,IF('Rekap Nilai'!F7<=4,5,5)))),MIN(100,'Rekap Nilai'!F7+5))*$D$7+IF('Rekap Nilai'!G7<=5,IF('Rekap Nilai'!G7<=1,2,IF('Rekap Nilai'!G7<=2,3,IF('Rekap Nilai'!G7<=3,4,IF('Rekap Nilai'!G7<=4,5,5)))),MIN(100,'Rekap Nilai'!G7+5))*$E$7+IF('Rekap Nilai'!H7<=5,IF('Rekap Nilai'!H7<=1,2,IF('Rekap Nilai'!H7<=2,3,IF('Rekap Nilai'!H7<=3,4,IF('Rekap Nilai'!H7<=4,5,5)))),MIN(100,'Rekap Nilai'!H7+5))*$F$7 -> 93.437756 | F13: =(C13+D13+E13)/3 -> 88.437756 | G13: =IF(B13="","",RANK(F13,$F$11:$F$20,0)) -> 2
A14: 4 | B14: =Input!B17 -> Dewi Lestari | C14: =IF('Rekap Nilai'!C8<=5,IF('Rekap Nilai'!C8<=1,1,IF('Rekap Nilai'!C8<=2,1,IF('Rekap Nilai'!C8<=3,2,IF('Rekap Nilai'!C8<=4,3,4)))),MAX(0,'Rekap Nilai'!C8-5))*$A$7+IF('Rekap Nilai'!D8<=5,IF('Rekap Nilai'!D8<=1,1,IF('Rekap Nilai'!D8<=2,1,IF('Rekap Nilai'!D8<=3,2,IF('Rekap Nilai'!D8<=4,3,4)))),MAX(0,'Rekap Nilai'!D8-5))*$B$7+IF('Rekap Nilai'!E8<=5,IF('Rekap Nilai'!E8<=1,1,IF('Rekap Nilai'!E8<=2,1,IF('Rekap Nilai'!E8<=3,2,IF('Rekap Nilai'!E8<=4,3,4)))),MAX(0,'Rekap Nilai'!E8-5))*$C$7+IF('Rekap Nilai'!F8<=5,IF('Rekap Nilai'!F8<=1,1,IF('Rekap Nilai'!F8<=2,1,IF('Rekap Nilai'!F8<=3,2,IF('Rekap Nilai'!F8<=4,3,4)))),MAX(0,'Rekap Nilai'!F8-5))*$D$7+IF('Rekap Nilai'!G8<=5,IF('Rekap Nilai'!G8<=1,1,IF('Rekap Nilai'!G8<=2,1,IF('Rekap Nilai'!G8<=3,2,IF('Rekap Nilai'!G8<=4,3,4)))),MAX(0,'Rekap Nilai'!G8-5))*$E$7+IF('Rekap Nilai'!H8<=5,IF('Rekap Nilai'!H8<=1,1,IF('Rekap Nilai'!H8<=2,1,IF('Rekap Nilai'!H8<=3,2,IF('Rekap Nilai'!H8<=4,3,4)))),MAX(0,'Rekap Nilai'!H8-5))*$F$7 -> 78.679488 | D14: =IF('Rekap Nilai'!C8<=5,IF('Rekap Nilai'!C8<=1,1,IF('Rekap Nilai'!C8<=2,2,IF('Rekap Nilai'!C8<=3,3,IF('Rekap Nilai'!C8<=4,4,5)))),'Rekap Nilai'!C8)*$A$7+IF('Rekap Nilai'!D8<=5,IF('Rekap Nilai'!D8<=1,1,IF('Rekap Nilai'!D8<=2,2,IF('Rekap Nilai'!D8<=3,3,IF('Rekap Nilai'!D8<=4,4,5)))),'Rekap Nilai'!D8)*$B$7+IF('Rekap Nilai'!E8<=5,IF('Rekap Nilai'!E8<=1,1,IF('Rekap Nilai'!E8<=2,2,IF('Rekap Nilai'!E8<=3,3,IF('Rekap Nilai'!E8<=4,4,5)))),'Rekap Nilai'!E8)*$C$7+IF('Rekap Nilai'!F8<=5,IF('Rekap Nilai'!F8<=1,1,IF('Rekap Nilai'!F8<=2,2,IF('Rekap Nilai'!F8<=3,3,IF('Rekap Nilai'!F8<=4,4,5)))),'Rekap Nilai'!F8)*$D$7+IF('Rekap Nilai'!G8<=5,IF('Rekap Nilai'!G8<=1,1,IF('Rekap Nilai'!G8<=2,2,IF('Rekap Nilai'!G8<=3,3,IF('Rekap Nilai'!G8<=4,4,5)))),'Rekap Nilai'!G8)*$E$7+IF('Rekap Nilai'!H8<=5,IF('Rekap Nilai'!H8<=1,1,IF('Rekap Nilai'!H8<=2,2,IF('Rekap Nilai'!H8<=3,3,IF('Rekap Nilai'!H8<=4,4,5)))),'Rekap Nilai'!H8)*$F$7 -> 83.679488 | E14: =IF('Rekap Nilai'!C8<=5,IF('Rekap Nilai'!C8<=1,2,IF('Rekap Nilai'!C8<=2,3,IF('Rekap Nilai'!C8<=3,4,IF('Rekap Nilai'!C8<=4,5,5)))),MIN(100,'Rekap Nilai'!C8+5))*$A$7+IF('Rekap Nilai'!D8<=5,IF('Rekap Nilai'!D8<=1,2,IF('Rekap Nilai'!D8<=2,3,IF('Rekap Nilai'!D8<=3,4,IF('Rekap Nilai'!D8<=4,5,5)))),MIN(100,'Rekap Nilai'!D8+5))*$B$7+IF('Rekap Nilai'!E8<=5,IF('Rekap Nilai'!E8<=1,2,IF('Rekap Nilai'!E8<=2,3,IF('Rekap Nilai'!E8<=3,4,IF('Rekap Nilai'!E8<=4,5,5)))),MIN(100,'Rekap Nilai'!E8+5))*$C$7+IF('Rekap Nilai'!F8<=5,IF('Rekap Nilai'!F8<=1,2,IF('Rekap Nilai'!F8<=2,3,IF('Rekap Nilai'!F8<=3,4,IF('Rekap Nilai'!F8<=4,5,5)))),MIN(100,'Rekap Nilai'!F8+5))*$D$7+IF('Rekap Nilai'!G8<=5,IF('Rekap Nilai'!G8<=1,2,IF('Rekap Nilai'!G8<=2,3,IF('Rekap Nilai'!G8<=3,4,IF('Rekap Nilai'!G8<=4,5,5)))),MIN(100,'Rekap Nilai'!G8+5))*$E$7+IF('Rekap Nilai'!H8<=5,IF('Rekap Nilai'!H8<=1,2,IF('Rekap Nilai'!H8<=2,3,IF('Rekap Nilai'!H8<=3,4,IF('Rekap Nilai'!H8<=4,5,5)))),MIN(100,'Rekap Nilai'!H8+5))*$F$7 -> 88.679488 | F14: =(C14+D14+E14)/3 -> 83.679488 | G14: =IF(B14="","",RANK(F14,$F$11:$F$20,0)) -> 5
A15: 5 | B15: =Input!B18 -> Ahmad Fauzi | C15: =IF('Rekap Nilai'!C9<=5,IF('Rekap Nilai'!C9<=1,1,IF('Rekap Nilai'!C9<=2,1,IF('Rekap Nilai'!C9<=3,2,IF('Rekap Nilai'!C9<=4,3,4)))),MAX(0,'Rekap Nilai'!C9-5))*$A$7+IF('Rekap Nilai'!D9<=5,IF('Rekap Nilai'!D9<=1,1,IF('Rekap Nilai'!D9<=2,1,IF('Rekap Nilai'!D9<=3,2,IF('Rekap Nilai'!D9<=4,3,4)))),MAX(0,'Rekap Nilai'!D9-5))*$B$7+IF('Rekap Nilai'!E9<=5,IF('Rekap Nilai'!E9<=1,1,IF('Rekap Nilai'!E9<=2,1,IF('Rekap Nilai'!E9<=3,2,IF('Rekap Nilai'!E9<=4,3,4)))),MAX(0,'Rekap Nilai'!E9-5))*$C$7+IF('Rekap Nilai'!F9<=5,IF('Rekap Nilai'!F9<=1,1,IF('Rekap Nilai'!F9<=2,1,IF('Rekap Nilai'!F9<=3,2,IF('Rekap Nilai'!F9<=4,3,4)))),MAX(0,'Rekap Nilai'!F9-5))*$D$7+IF('Rekap Nilai'!G9<=5,IF('Rekap Nilai'!G9<=1,1,IF('Rekap Nilai'!G9<=2,1,IF('Rekap Nilai'!G9<=3,2,IF('Rekap Nilai'!G9<=4,3,4)))),MAX(0,'Rekap Nilai'!G9-5))*$E$7+IF('Rekap Nilai'!H9<=5,IF('Rekap Nilai'!H9<=1,1,IF('Rekap Nilai'!H9<=2,1,IF('Rekap Nilai'!H9<=3,2,IF('Rekap Nilai'!H9<=4,3,4)))),MAX(0,'Rekap Nilai'!H9-5))*$F$7 -> 82.55368 | D15: =IF('Rekap Nilai'!C9<=5,IF('Rekap Nilai'!C9<=1,1,IF('Rekap Nilai'!C9<=2,2,IF('Rekap Nilai'!C9<=3,3,IF('Rekap Nilai'!C9<=4,4,5)))),'Rekap Nilai'!C9)*$A$7+IF('Rekap Nilai'!D9<=5,IF('Rekap Nilai'!D9<=1,1,IF('Rekap Nilai'!D9<=2,2,IF('Rekap Nilai'!D9<=3,3,IF('Rekap Nilai'!D9<=4,4,5)))),'Rekap Nilai'!D9)*$B$7+IF('Rekap Nilai'!E9<=5,IF('Rekap Nilai'!E9<=1,1,IF('Rekap Nilai'!E9<=2,2,IF('Rekap Nilai'!E9<=3,3,IF('Rekap Nilai'!E9<=4,4,5)))),'Rekap Nilai'!E9)*$C$7+IF('Rekap Nilai'!F9<=5,IF('Rekap Nilai'!F9<=1,1,IF('Rekap Nilai'!F9<=2,2,IF('Rekap Nilai'!F9<=3,3,IF('Rekap Nilai'!F9<=4,4,5)))),'Rekap Nilai'!F9)*$D$7+IF('Rekap Nilai'!G9<=5,IF('Rekap Nilai'!G9<=1,1,IF('Rekap Nilai'!G9<=2,2,IF('Rekap Nilai'!G9<=3,3,IF('Rekap Nilai'!G9<=4,4,5)))),'Rekap Nilai'!G9)*$E$7+IF('Rekap Nilai'!H9<=5,IF('Rekap Nilai'!H9<=1,1,IF('Rekap Nilai'!H9<=2,2,IF('Rekap Nilai'!H9<=3,3,IF('Rekap Nilai'!H9<=4,4,5)))),'Rekap Nilai'!H9)*$F$7 -> 87.55368 | E15: =IF('Rekap Nilai'!C9<=5,IF('Rekap Nilai'!C9<=1,2,IF('Rekap Nilai'!C9<=2,3,IF('Rekap Nilai'!C9<=3,4,IF('Rekap Nilai'!C9<=4,5,5)))),MIN(100,'Rekap Nilai'!C9+5))*$A$7+IF('Rekap Nilai'!D9<=5,IF('Rekap Nilai'!D9<=1,2,IF('Rekap Nilai'!D9<=2,3,IF('Rekap Nilai'!D9<=3,4,IF('Rekap Nilai'!D9<=4,5,5)))),MIN(100,'Rekap Nilai'!D9+5))*$B$7+IF('Rekap Nilai'!E9<=5,IF('Rekap Nilai'!E9<=1,2,IF('Rekap Nilai'!E9<=2,3,IF('Rekap Nilai'!E9<=3,4,IF('Rekap Nilai'!E9<=4,5,5)))),MIN(100,'Rekap Nilai'!E9+5))*$C$7+IF('Rekap Nilai'!F9<=5,IF('Rekap Nilai'!F9<=1,2,IF('Rekap Nilai'!F9<=2,3,IF('Rekap Nilai'!F9<=3,4,IF('Rekap Nilai'!F9<=4,5,5)))),MIN(100,'Rekap Nilai'!F9+5))*$D$7+IF('Rekap Nilai'!G9<=5,IF('Rekap Nilai'!G9<=1,2,IF('Rekap Nilai'!G9<=2,3,IF('Rekap Nilai'!G9<=3,4,IF('Rekap Nilai'!G9<=4,5,5)))),MIN(100,'Rekap Nilai'!G9+5))*$E$7+IF('Rekap Nilai'!H9<=5,IF('Rekap Nilai'!H9<=1,2,IF('Rekap Nilai'!H9<=2,3,IF('Rekap Nilai'!H9<=3,4,IF('Rekap Nilai'!H9<=4,5,5)))),MIN(100,'Rekap Nilai'!H9+5))*$F$7 -> 92.55368 | F15: =(C15+D15+E15)/3 -> 87.55368 | G15: =IF(B15="","",RANK(F15,$F$11:$F$20,0)) -> 3
A16: 6 | B16: =Input!B19 -> Rina Wati | C16: =IF('Rekap Nilai'!C10<=5,IF('Rekap Nilai'!C10<=1,1,IF('Rekap Nilai'!C10<=2,1,IF('Rekap Nilai'!C10<=3,2,IF('Rekap Nilai'!C10<=4,3,4)))),MAX(0,'Rekap Nilai'!C10-5))*$A$7+IF('Rekap Nilai'!D10<=5,IF('Rekap Nilai'!D10<=1,1,IF('Rekap Nilai'!D10<=2,1,IF('Rekap Nilai'!D10<=3,2,IF('Rekap Nilai'!D10<=4,3,4)))),MAX(0,'Rekap Nilai'!D10-5))*$B$7+IF('Rekap Nilai'!E10<=5,IF('Rekap Nilai'!E10<=1,1,IF('Rekap Nilai'!E10<=2,1,IF('Rekap Nilai'!E10<=3,2,IF('Rekap Nilai'!E10<=4,3,4)))),MAX(0,'Rekap Nilai'!E10-5))*$C$7+IF('Rekap Nilai'!F10<=5,IF('Rekap Nilai'!F10<=1,1,IF('Rekap Nilai'!F10<=2,1,IF('Rekap Nilai'!F10<=3,2,IF('Rekap Nilai'!F10<=4,3,4)))),MAX(0,'Rekap Nilai'!F10-5))*$D$7+IF('Rekap Nilai'!G10<=5,IF('Rekap Nilai'!G10<=1,1,IF('Rekap Nilai'!G10<=2,1,IF('Rekap Nilai'!G10<=3,2,IF('Rekap Nilai'!G10<=4,3,4)))),MAX(0,'Rekap Nilai'!G10-5))*$E$7+IF('Rekap Nilai'!H10<=5,IF('Rekap Nilai'!H10<=1,1,IF('Rekap Nilai'!H10<=2,1,IF('Rekap Nilai'!H10<=3,2,IF('Rekap Nilai'!H10<=4,3,4)))),MAX(0,'Rekap Nilai'!H10-5))*$F$7 -> 76.47803 | D16: =IF('Rekap Nilai'!C10<=5,IF('Rekap Nilai'!C10<=1,1,IF('Rekap Nilai'!C10<=2,2,IF('Rekap Nilai'!C10<=3,3,IF('Rekap Nilai'!C10<=4,4,5)))),'Rekap Nilai'!C10)*$A$7+IF('Rekap Nilai'!D10<=5,IF('Rekap Nilai'!D10<=1,1,IF('Rekap Nilai'!D10<=2,2,IF('Rekap Nilai'!D10<=3,3,IF('Rekap Nilai'!D10<=4,4,5)))),'Rekap Nilai'!D10)*$B$7+IF('Rekap Nilai'!E10<=5,IF('Rekap Nilai'!E10<=1,1,IF('Rekap Nilai'!E10<=2,2,IF('Rekap Nilai'!E10<=3,3,IF('Rekap Nilai'!E10<=4,4,5)))),'Rekap Nilai'!E10)*$C$7+IF('Rekap Nilai'!F10<=5,IF('Rekap Nilai'!F10<=1,1,IF('Rekap Nilai'!F10<=2,2,IF('Rekap Nilai'!F10<=3,3,IF('Rekap Nilai'!F10<=4,4,5)))),'Rekap Nilai'!F10)*$D$7+IF('Rekap Nilai'!G10<=5,IF('Rekap Nilai'!G10<=1,1,IF('Rekap Nilai'!G10<=2,2,IF('Rekap Nilai'!G10<=3,3,IF('Rekap Nilai'!G10<=4,4,5)))),'Rekap Nilai'!G10)*$E$7+IF('Rekap Nilai'!H10<=5,IF('Rekap Nilai'!H10<=1,1,IF('Rekap Nilai'!H10<=2,2,IF('Rekap Nilai'!H10<=3,3,IF('Rekap Nilai'!H10<=4,4,5)))),'Rekap Nilai'!H10)*$F$7 -> 81.47803 | E16: =IF('Rekap Nilai'!C10<=5,IF('Rekap Nilai'!C10<=1,2,IF('Rekap Nilai'!C10<=2,3,IF('Rekap Nilai'!C10<=3,4,IF('Rekap Nilai'!C10<=4,5,5)))),MIN(100,'Rekap Nilai'!C10+5))*$A$7+IF('Rekap Nilai'!D10<=5,IF('Rekap Nilai'!D10<=1,2,IF('Rekap Nilai'!D10<=2,3,IF('Rekap Nilai'!D10<=3,4,IF('Rekap Nilai'!D10<=4,5,5)))),MIN(100,'Rekap Nilai'!D10+5))*$B$7+IF('Rekap Nilai'!E10<=5,IF('Rekap Nilai'!E10<=1,2,IF('Rekap Nilai'!E10<=2,3,IF('Rekap Nilai'!E10<=3,4,IF('Rekap Nilai'!E10<=4,5,5)))),MIN(100,'Rekap Nilai'!E10+5))*$C$7+IF('Rekap Nilai'!F10<=5,IF('Rekap Nilai'!F10<=1,2,IF('Rekap Nilai'!F10<=2,3,IF('Rekap Nilai'!F10<=3,4,IF('Rekap Nilai'!F10<=4,5,5)))),MIN(100,'Rekap Nilai'!F10+5))*$D$7+IF('Rekap Nilai'!G10<=5,IF('Rekap Nilai'!G10<=1,2,IF('Rekap Nilai'!G10<=2,3,IF('Rekap Nilai'!G10<=3,4,IF('Rekap Nilai'!G10<=4,5,5)))),MIN(100,'Rekap Nilai'!G10+5))*$E$7+IF('Rekap Nilai'!H10<=5,IF('Rekap Nilai'!H10<=1,2,IF('Rekap Nilai'!H10<=2,3,IF('Rekap Nilai'!H10<=3,4,IF('Rekap Nilai'!H10<=4,5,5)))),MIN(100,'Rekap Nilai'!H10+5))*$F$7 -> 86.47803 | F16: =(C16+D16+E16)/3 -> 81.47803 | G16: =IF(B16="","",RANK(F16,$F$11:$F$20,0)) -> 8
A17: 7 | B17: =Input!B20 -> Joko Susilo | C17: =IF('Rekap Nilai'!C11<=5,IF('Rekap Nilai'!C11<=1,1,IF('Rekap Nilai'!C11<=2,1,IF('Rekap Nilai'!C11<=3,2,IF('Rekap Nilai'!C11<=4,3,4)))),MAX(0,'Rekap Nilai'!C11-5))*$A$7+IF('Rekap Nilai'!D11<=5,IF('Rekap Nilai'!D11<=1,1,IF('Rekap Nilai'!D11<=2,1,IF('Rekap Nilai'!D11<=3,2,IF('Rekap Nilai'!D11<=4,3,4)))),MAX(0,'Rekap Nilai'!D11-5))*$B$7+IF('Rekap Nilai'!E11<=5,IF('Rekap Nilai'!E11<=1,1,IF('Rekap Nilai'!E11<=2,1,IF('Rekap Nilai'!E11<=3,2,IF('Rekap Nilai'!E11<=4,3,4)))),MAX(0,'Rekap Nilai'!E11-5))*$C$7+IF('Rekap Nilai'!F11<=5,IF('Rekap Nilai'!F11<=1,1,IF('Rekap Nilai'!F11<=2,1,IF('Rekap Nilai'!F11<=3,2,IF('Rekap Nilai'!F11<=4,3,4)))),MAX(0,'Rekap Nilai'!F11-5))*$D$7+IF('Rekap Nilai'!G11<=5,IF('Rekap Nilai'!G11<=1,1,IF('Rekap Nilai'!G11<=2,1,IF('Rekap Nilai'!G11<=3,2,IF('Rekap Nilai'!G11<=4,3,4)))),MAX(0,'Rekap Nilai'!G11-5))*$E$7+IF('Rekap Nilai'!H11<=5,IF('Rekap Nilai'!H11<=1,1,IF('Rekap Nilai'!H11<=2,1,IF('Rekap Nilai'!H11<=3,2,IF('Rekap Nilai'!H11<=4,3,4)))),MAX(0,'Rekap Nilai'!H11-5))*$F$7 -> 78.147241 | D17: =IF('Rekap Nilai'!C11<=5,IF('Rekap Nilai'!C11<=1,1,IF('Rekap Nilai'!C11<=2,2,IF('Rekap Nilai'!C11<=3,3,IF('Rekap Nilai'!C11<=4,4,5)))),'Rekap Nilai'!C11)*$A$7+IF('Rekap Nilai'!D11<=5,IF('Rekap Nilai'!D11<=1,1,IF('Rekap Nilai'!D11<=2,2,IF('Rekap Nilai'!D11<=3,3,IF('Rekap Nilai'!D11<=4,4,5)))),'Rekap Nilai'!D11)*$B$7+IF('Rekap Nilai'!E11<=5,IF('Rekap Nilai'!E11<=1,1,IF('Rekap Nilai'!E11<=2,2,IF('Rekap Nilai'!E11<=3,3,IF('Rekap Nilai'!E11<=4,4,5)))),'Rekap Nilai'!E11)*$C$7+IF('Rekap Nilai'!F11<=5,IF('Rekap Nilai'!F11<=1,1,IF('Rekap Nilai'!F11<=2,2,IF('Rekap Nilai'!F11<=3,3,IF('Rekap Nilai'!F11<=4,4,5)))),'Rekap Nilai'!F11)*$D$7+IF('Rekap Nilai'!G11<=5,IF('Rekap Nilai'!G11<=1,1,IF('Rekap Nilai'!G11<=2,2,IF('Rekap Nilai'!G11<=3,3,IF('Rekap Nilai'!G11<=4,4,5)))),'Rekap Nilai'!G11)*$E$7+IF('Rekap Nilai'!H11<=5,IF('Rekap Nilai'!H11<=1,1,IF('Rekap Nilai'!H11<=2,2,IF('Rekap Nilai'!H11<=3,3,IF('Rekap Nilai'!H11<=4,4,5)))),'Rekap Nilai'!H11)*$F$7 -> 83.147241 | E17: =IF('Rekap Nilai'!C11<=5,IF('Rekap Nilai'!C11<=1,2,IF('Rekap Nilai'!C11<=2,3,IF('Rekap Nilai'!C11<=3,4,IF('Rekap Nilai'!C11<=4,5,5)))),MIN(100,'Rekap Nilai'!C11+5))*$A$7+IF('Rekap Nilai'!D11<=5,IF('Rekap Nilai'!D11<=1,2,IF('Rekap Nilai'!D11<=2,3,IF('Rekap Nilai'!D11<=3,4,IF('Rekap Nilai'!D11<=4,5,5)))),MIN(100,'Rekap Nilai'!D11+5))*$B$7+IF('Rekap Nilai'!E11<=5,IF('Rekap Nilai'!E11<=1,2,IF('Rekap Nilai'!E11<=2,3,IF('Rekap Nilai'!E11<=3,4,IF('Rekap Nilai'!E11<=4,5,5)))),MIN(100,'Rekap Nilai'!E11+5))*$C$7+IF('Rekap Nilai'!F11<=5,IF('Rekap Nilai'!F11<=1,2,IF('Rekap Nilai'!F11<=2,3,IF('Rekap Nilai'!F11<=3,4,IF('Rekap Nilai'!F11<=4,5,5)))),MIN(100,'Rekap Nilai'!F11+5))*$D$7+IF('Rekap Nilai'!G11<=5,IF('Rekap Nilai'!G11<=1,2,IF('Rekap Nilai'!G11<=2,3,IF('Rekap Nilai'!G11<=3,4,IF('Rekap Nilai'!G11<=4,5,5)))),MIN(100,'Rekap Nilai'!G11+5))*$E$7+IF('Rekap Nilai'!H11<=5,IF('Rekap Nilai'!H11<=1,2,IF('Rekap Nilai'!H11<=2,3,IF('Rekap Nilai'!H11<=3,4,IF('Rekap Nilai'!H11<=4,5,5)))),MIN(100,'Rekap Nilai'!H11+5))*$F$7 -> 88.147241 | F17: =(C17+D17+E17)/3 -> 83.147241 | G17: =IF(B17="","",RANK(F17,$F$11:$F$20,0)) -> 6
A18: 8 | B18: =Input!B21 -> Maya Sari | C18: =IF('Rekap Nilai'!C12<=5,IF('Rekap Nilai'!C12<=1,1,IF('Rekap Nilai'!C12<=2,1,IF('Rekap Nilai'!C12<=3,2,IF('Rekap Nilai'!C12<=4,3,4)))),MAX(0,'Rekap Nilai'!C12-5))*$A$7+IF('Rekap Nilai'!D12<=5,IF('Rekap Nilai'!D12<=1,1,IF('Rekap Nilai'!D12<=2,1,IF('Rekap Nilai'!D12<=3,2,IF('Rekap Nilai'!D12<=4,3,4)))),MAX(0,'Rekap Nilai'!D12-5))*$B$7+IF('Rekap Nilai'!E12<=5,IF('Rekap Nilai'!E12<=1,1,IF('Rekap Nilai'!E12<=2,1,IF('Rekap Nilai'!E12<=3,2,IF('Rekap Nilai'!E12<=4,3,4)))),MAX(0,'Rekap Nilai'!E12-5))*$C$7+IF('Rekap Nilai'!F12<=5,IF('Rekap Nilai'!F12<=1,1,IF('Rekap Nilai'!F12<=2,1,IF('Rekap Nilai'!F12<=3,2,IF('Rekap Nilai'!F12<=4,3,4)))),MAX(0,'Rekap Nilai'!F12-5))*$D$7+IF('Rekap Nilai'!G12<=5,IF('Rekap Nilai'!G12<=1,1,IF('Rekap Nilai'!G12<=2,1,IF('Rekap Nilai'!G12<=3,2,IF('Rekap Nilai'!G12<=4,3,4)))),MAX(0,'Rekap Nilai'!G12-5))*$E$7+IF('Rekap Nilai'!H12<=5,IF('Rekap Nilai'!H12<=1,1,IF('Rekap Nilai'!H12<=2,1,IF('Rekap Nilai'!H12<=3,2,IF('Rekap Nilai'!H12<=4,3,4)))),MAX(0,'Rekap Nilai'!H12-5))*$F$7 -> 83.498296 | D18: =IF('Rekap Nilai'!C12<=5,IF('Rekap Nilai'!C12<=1,1,IF('Rekap Nilai'!C12<=2,2,IF('Rekap Nilai'!C12<=3,3,IF('Rekap Nilai'!C12<=4,4,5)))),'Rekap Nilai'!C12)*$A$7+IF('Rekap Nilai'!D12<=5,IF('Rekap Nilai'!D12<=1,1,IF('Rekap Nilai'!D12<=2,2,IF('Rekap Nilai'!D12<=3,3,IF('Rekap Nilai'!D12<=4,4,5)))),'Rekap Nilai'!D12)*$B$7+IF('Rekap Nilai'!E12<=5,IF('Rekap Nilai'!E12<=1,1,IF('Rekap Nilai'!E12<=2,2,IF('Rekap Nilai'!E12<=3,3,IF('Rekap Nilai'!E12<=4,4,5)))),'Rekap Nilai'!E12)*$C$7+IF('Rekap Nilai'!F12<=5,IF('Rekap Nilai'!F12<=1,1,IF('Rekap Nilai'!F12<=2,2,IF('Rekap Nilai'!F12<=3,3,IF('Rekap Nilai'!F12<=4,4,5)))),'Rekap Nilai'!F12)*$D$7+IF('Rekap Nilai'!G12<=5,IF('Rekap Nilai'!G12<=1,1,IF('Rekap Nilai'!G12<=2,2,IF('Rekap Nilai'!G12<=3,3,IF('Rekap Nilai'!G12<=4,4,5)))),'Rekap Nilai'!G12)*$E$7+IF('Rekap Nilai'!H12<=5,IF('Rekap Nilai'!H12<=1,1,IF('Rekap Nilai'!H12<=2,2,IF('Rekap Nilai'!H12<=3,3,IF('Rekap Nilai'!H12<=4,4,5)))),'Rekap Nilai'!H12)*$F$7 -> 88.498296 | E18: =IF('Rekap Nilai'!C12<=5,IF('Rekap Nilai'!C12<=1,2,IF('Rekap Nilai'!C12<=2,3,IF('Rekap Nilai'!C12<=3,4,IF('Rekap Nilai'!C12<=4,5,5)))),MIN(100,'Rekap Nilai'!C12+5))*$A$7+IF('Rekap Nilai'!D12<=5,IF('Rekap Nilai'!D12<=1,2,IF('Rekap Nilai'!D12<=2,3,IF('Rekap Nilai'!D12<=3,4,IF('Rekap Nilai'!D12<=4,5,5)))),MIN(100,'Rekap Nilai'!D12+5))*$B$7+IF('Rekap Nilai'!E12<=5,IF('Rekap Nilai'!E12<=1,2,IF('Rekap Nilai'!E12<=2,3,IF('Rekap Nilai'!E12<=3,4,IF('Rekap Nilai'!E12<=4,5,5)))),MIN(100,'Rekap Nilai'!E12+5))*$C$7+IF('Rekap Nilai'!F12<=5,IF('Rekap Nilai'!F12<=1,2,IF('Rekap Nilai'!F12<=2,3,IF('Rekap Nilai'!F12<=3,4,IF('Rekap Nilai'!F12<=4,5,5)))),MIN(100,'Rekap Nilai'!F12+5))*$D$7+IF('Rekap Nilai'!G12<=5,IF('Rekap Nilai'!G12<=1,2,IF('Rekap Nilai'!G12<=2,3,IF('Rekap Nilai'!G12<=3,4,IF('Rekap Nilai'!G12<=4,5,5)))),MIN(100,'Rekap Nilai'!G12+5))*$E$7+IF('Rekap Nilai'!H12<=5,IF('Rekap Nilai'!H12<=1,2,IF('Rekap Nilai'!H12<=2,3,IF('Rekap Nilai'!H12<=3,4,IF('Rekap Nilai'!H12<=4,5,5)))),MIN(100,'Rekap Nilai'!H12+5))*$F$7 -> 93.498296 | F18: =(C18+D18+E18)/3 -> 88.498296 | G18: =IF(B18="","",RANK(F18,$F$11:$F$20,0)) -> 1
A19: 9 | B19: =Input!B22 -> Andi Pratama | C19: =IF('Rekap Nilai'!C13<=5,IF('Rekap Nilai'!C13<=1,1,IF('Rekap Nilai'!C13<=2,1,IF('Rekap Nilai'!C13<=3,2,IF('Rekap Nilai'!C13<=4,3,4)))),MAX(0,'Rekap Nilai'!C13-5))*$A$7+IF('Rekap Nilai'!D13<=5,IF('Rekap Nilai'!D13<=1,1,IF('Rekap Nilai'!D13<=2,1,IF('Rekap Nilai'!D13<=3,2,IF('Rekap Nilai'!D13<=4,3,4)))),MAX(0,'Rekap Nilai'!D13-5))*$B$7+IF('Rekap Nilai'!E13<=5,IF('Rekap Nilai'!E13<=1,1,IF('Rekap Nilai'!E13<=2,1,IF('Rekap Nilai'!E13<=3,2,IF('Rekap Nilai'!E13<=4,3,4)))),MAX(0,'Rekap Nilai'!E13-5))*$C$7+IF('Rekap Nilai'!F13<=5,IF('Rekap Nilai'!F13<=1,1,IF('Rekap Nilai'!F13<=2,1,IF('Rekap Nilai'!F13<=3,2,IF('Rekap Nilai'!F13<=4,3,4)))),MAX(0,'Rekap Nilai'!F13-5))*$D$7+IF('Rekap Nilai'!G13<=5,IF('Rekap Nilai'!G13<=1,1,IF('Rekap Nilai'!G13<=2,1,IF('Rekap Nilai'!G13<=3,2,IF('Rekap Nilai'!G13<=4,3,4)))),MAX(0,'Rekap Nilai'!G13-5))*$E$7+IF('Rekap Nilai'!H13<=5,IF('Rekap Nilai'!H13<=1,1,IF('Rekap Nilai'!H13<=2,1,IF('Rekap Nilai'!H13<=3,2,IF('Rekap Nilai'!H13<=4,3,4)))),MAX(0,'Rekap Nilai'!H13-5))*$F$7 -> 77.686846 | D19: =IF('Rekap Nilai'!C13<=5,IF('Rekap Nilai'!C13<=1,1,IF('Rekap Nilai'!C13<=2,2,IF('Rekap Nilai'!C13<=3,3,IF('Rekap Nilai'!C13<=4,4,5)))),'Rekap Nilai'!C13)*$A$7+IF('Rekap Nilai'!D13<=5,IF('Rekap Nilai'!D13<=1,1,IF('Rekap Nilai'!D13<=2,2,IF('Rekap Nilai'!D13<=3,3,IF('Rekap Nilai'!D13<=4,4,5)))),'Rekap Nilai'!D13)*$B$7+IF('Rekap Nilai'!E13<=5,IF('Rekap Nilai'!E13<=1,1,IF('Rekap Nilai'!E13<=2,2,IF('Rekap Nilai'!E13<=3,3,IF('Rekap Nilai'!E13<=4,4,5)))),'Rekap Nilai'!E13)*$C$7+IF('Rekap Nilai'!F13<=5,IF('Rekap Nilai'!F13<=1,1,IF('Rekap Nilai'!F13<=2,2,IF('Rekap Nilai'!F13<=3,3,IF('Rekap Nilai'!F13<=4,4,5)))),'Rekap Nilai'!F13)*$D$7+IF('Rekap Nilai'!G13<=5,IF('Rekap Nilai'!G13<=1,1,IF('Rekap Nilai'!G13<=2,2,IF('Rekap Nilai'!G13<=3,3,IF('Rekap Nilai'!G13<=4,4,5)))),'Rekap Nilai'!G13)*$E$7+IF('Rekap Nilai'!H13<=5,IF('Rekap Nilai'!H13<=1,1,IF('Rekap Nilai'!H13<=2,2,IF('Rekap Nilai'!H13<=3,3,IF('Rekap Nilai'!H13<=4,4,5)))),'Rekap Nilai'!H13)*$F$7 -> 82.686846 | E19: =IF('Rekap Nilai'!C13<=5,IF('Rekap Nilai'!C13<=1,2,IF('Rekap Nilai'!C13<=2,3,IF('Rekap Nilai'!C13<=3,4,IF('Rekap Nilai'!C13<=4,5,5)))),MIN(100,'Rekap Nilai'!C13+5))*$A$7+IF('Rekap Nilai'!D13<=5,IF('Rekap Nilai'!D13<=1,2,IF('Rekap Nilai'!D13<=2,3,IF('Rekap Nilai'!D13<=3,4,IF('Rekap Nilai'!D13<=4,5,5)))),MIN(100,'Rekap Nilai'!D13+5))*$B$7+IF('Rekap Nilai'!E13<=5,IF('Rekap Nilai'!E13<=1,2,IF('Rekap Nilai'!E13<=2,3,IF('Rekap Nilai'!E13<=3,4,IF('Rekap Nilai'!E13<=4,5,5)))),MIN(100,'Rekap Nilai'!E13+5))*$C$7+IF('Rekap Nilai'!F13<=5,IF('Rekap Nilai'!F13<=1,2,IF('Rekap Nilai'!F13<=2,3,IF('Rekap Nilai'!F13<=3,4,IF('Rekap Nilai'!F13<=4,5,5)))),MIN(100,'Rekap Nilai'!F13+5))*$D$7+IF('Rekap Nilai'!G13<=5,IF('Rekap Nilai'!G13<=1,2,IF('Rekap Nilai'!G13<=2,3,IF('Rekap Nilai'!G13<=3,4,IF('Rekap Nilai'!G13<=4,5,5)))),MIN(100,'Rekap Nilai'!G13+5))*$E$7+IF('Rekap Nilai'!H13<=5,IF('Rekap Nilai'!H13<=1,2,IF('Rekap Nilai'!H13<=2,3,IF('Rekap Nilai'!H13<=3,4,IF('Rekap Nilai'!H13<=4,5,5)))),MIN(100,'Rekap Nilai'!H13+5))*$F$7 -> 87.686846 | F19: =(C19+D19+E19)/3 -> 82.686846 | G19: =IF(B19="","",RANK(F19,$F$11:$F$20,0)) -> 7
A20: 10 | B20: =Input!B23 -> Lina Marlina | C20: =IF('Rekap Nilai'!C14<=5,IF('Rekap Nilai'!C14<=1,1,IF('Rekap Nilai'!C14<=2,1,IF('Rekap Nilai'!C14<=3,2,IF('Rekap Nilai'!C14<=4,3,4)))),MAX(0,'Rekap Nilai'!C14-5))*$A$7+IF('Rekap Nilai'!D14<=5,IF('Rekap Nilai'!D14<=1,1,IF('Rekap Nilai'!D14<=2,1,IF('Rekap Nilai'!D14<=3,2,IF('Rekap Nilai'!D14<=4,3,4)))),MAX(0,'Rekap Nilai'!D14-5))*$B$7+IF('Rekap Nilai'!E14<=5,IF('Rekap Nilai'!E14<=1,1,IF('Rekap Nilai'!E14<=2,1,IF('Rekap Nilai'!E14<=3,2,IF('Rekap Nilai'!E14<=4,3,4)))),MAX(0,'Rekap Nilai'!E14-5))*$C$7+IF('Rekap Nilai'!F14<=5,IF('Rekap Nilai'!F14<=1,1,IF('Rekap Nilai'!F14<=2,1,IF('Rekap Nilai'!F14<=3,2,IF('Rekap Nilai'!F14<=4,3,4)))),MAX(0,'Rekap Nilai'!F14-5))*$D$7+IF('Rekap Nilai'!G14<=5,IF('Rekap Nilai'!G14<=1,1,IF('Rekap Nilai'!G14<=2,1,IF('Rekap Nilai'!G14<=3,2,IF('Rekap Nilai'!G14<=4,3,4)))),MAX(0,'Rekap Nilai'!G14-5))*$E$7+IF('Rekap Nilai'!H14<=5,IF('Rekap Nilai'!H14<=1,1,IF('Rekap Nilai'!H14<=2,1,IF('Rekap Nilai'!H14<=3,2,IF('Rekap Nilai'!H14<=4,3,4)))),MAX(0,'Rekap Nilai'!H14-5))*$F$7 -> 78.698206 | D20: =IF('Rekap Nilai'!C14<=5,IF('Rekap Nilai'!C14<=1,1,IF('Rekap Nilai'!C14<=2,2,IF('Rekap Nilai'!C14<=3,3,IF('Rekap Nilai'!C14<=4,4,5)))),'Rekap Nilai'!C14)*$A$7+IF('Rekap Nilai'!D14<=5,IF('Rekap Nilai'!D14<=1,1,IF('Rekap Nilai'!D14<=2,2,IF('Rekap Nilai'!D14<=3,3,IF('Rekap Nilai'!D14<=4,4,5)))),'Rekap Nilai'!D14)*$B$7+IF('Rekap Nilai'!E14<=5,IF('Rekap Nilai'!E14<=1,1,IF('Rekap Nilai'!E14<=2,2,IF('Rekap Nilai'!E14<=3,3,IF('Rekap Nilai'!E14<=4,4,5)))),'Rekap Nilai'!E14)*$C$7+IF('Rekap Nilai'!F14<=5,IF('Rekap Nilai'!F14<=1,1,IF('Rekap Nilai'!F14<=2,2,IF('Rekap Nilai'!F14<=3,3,IF('Rekap Nilai'!F14<=4,4,5)))),'Rekap Nilai'!F14)*$D$7+IF('Rekap Nilai'!G14<=5,IF('Rekap Nilai'!G14<=1,1,IF('Rekap Nilai'!G14<=2,2,IF('Rekap Nilai'!G14<=3,3,IF('Rekap Nilai'!G14<=4,4,5)))),'Rekap Nilai'!G14)*$E$7+IF('Rekap Nilai'!H14<=5,IF('Rekap Nilai'!H14<=1,1,IF('Rekap Nilai'!H14<=2,2,IF('Rekap Nilai'!H14<=3,3,IF('Rekap Nilai'!H14<=4,4,5)))),'Rekap Nilai'!H14)*$F$7 -> 83.698206 | E20: =IF('Rekap Nilai'!C14<=5,IF('Rekap Nilai'!C14<=1,2,IF('Rekap Nilai'!C14<=2,3,IF('Rekap Nilai'!C14<=3,4,IF('Rekap Nilai'!C14<=4,5,5)))),MIN(100,'Rekap Nilai'!C14+5))*$A$7+IF('Rekap Nilai'!D14<=5,IF('Rekap Nilai'!D14<=1,2,IF('Rekap Nilai'!D14<=2,3,IF('Rekap Nilai'!D14<=3,4,IF('Rekap Nilai'!D14<=4,5,5)))),MIN(100,'Rekap Nilai'!D14+5))*$B$7+IF('Rekap Nilai'!E14<=5,IF('Rekap Nilai'!E14<=1,2,IF('Rekap Nilai'!E14<=2,3,IF('Rekap Nilai'!E14<=3,4,IF('Rekap Nilai'!E14<=4,5,5)))),MIN(100,'Rekap Nilai'!E14+5))*$C$7+IF('Rekap Nilai'!F14<=5,IF('Rekap Nilai'!F14<=1,2,IF('Rekap Nilai'!F14<=2,3,IF('Rekap Nilai'!F14<=3,4,IF('Rekap Nilai'!F14<=4,5,5)))),MIN(100,'Rekap Nilai'!F14+5))*$D$7+IF('Rekap Nilai'!G14<=5,IF('Rekap Nilai'!G14<=1,2,IF('Rekap Nilai'!G14<=2,3,IF('Rekap Nilai'!G14<=3,4,IF('Rekap Nilai'!G14<=4,5,5)))),MIN(100,'Rekap Nilai'!G14+5))*$E$7+IF('Rekap Nilai'!H14<=5,IF('Rekap Nilai'!H14<=1,2,IF('Rekap Nilai'!H14<=2,3,IF('Rekap Nilai'!H14<=3,4,IF('Rekap Nilai'!H14<=4,5,5)))),MIN(100,'Rekap Nilai'!H14+5))*$F$7 -> 88.698206 | F20: =(C20+D20+E20)/3 -> 83.698206 | G20: =IF(B20="","",RANK(F20,$F$11:$F$20,0)) -> 4
