Workbook

Sheet 1. Bobot Kriteria
A1: FUZZY AHP - PERHITUNGAN BOBOT KRITERIA
A2: Masukkan bobot kriteria dengan skala 1-10 di kolom INPUT
A4: TABEL KONVERSI SKALA KE FUZZY (TFN)
A5: Skala | B5: Keterangan | C5: l | D5: m | E5: u
A6: 1 | B6: Sangat Tidak Penting | C6: 0 | D6: 0.1 | E6: 0.2
A7: 2 | B7: Tidak Penting | C7: 0.1 | D7: 0.2 | E7: 0.3
A8: 3 | B8: Agak Tidak Penting | C8: 0.2 | D8: 0.3 | E8: 0.4
A9: 4 | B9: Sedikit Tidak Penting | C9: 0.3 | D9: 0.4 | E9: 0.5
A10: 5 | B10: Cukup Penting | C10: 0.4 | D10: 0.5 | E10: 0.6
A11: 6 | B11: Agak Penting | C11: 0.5 | D11: 0.6 | E11: 0.7
A12: 7 | B12: Penting | C12: 0.6 | D12: 0.7 | E12: 0.8
A13: 8 | B13: Sangat Penting | C13: 0.7 | D13: 0.8 | E13: 0.9
A14: 9 | B14: Amat Sangat Penting | C14: 0.8 | D14: 0.9 | E14: 1
A15: 10 | B15: Mutlak Penting | C15: 0.9 | D15: 1 | E15: 1
A17: INPUT BOBOT KRITERIA (Skala 1-10)
A18: Kode | B18: Nama Kriteria | C18: INPUT (1-10) | D18: l | E18: m | F18: u | G18: Defuzzifikasi | H18: Bobot Normal
A19: K1 | B19: Status Keaktifan di Gugus Depan | C19: 8 | D19: =(C19-1)*0.1 | E19: =C19*0.1 | F19: =MIN(1,(C19+1)*0.1) | G19: =(D19+E19+F19)/3 | H19: =G19/$G$25
A20: K2 | B20: Pencapaian SKU | C20: 7 | D20: =(C20-1)*0.1 | E20: =C20*0.1 | F20: =MIN(1,(C20+1)*0.1) | G20: =(D20+E20+F20)/3 | H20: =G20/$G$25
A21: K3 | B21: Pencapaian SPG | C21: 7 | D21: =(C21-1)*0.1 | E21: =C21*0.1 | F21: =MIN(1,(C21+1)*0.1) | G21: =(D21+E21+F21)/3 | H21: =G21/$G$25
A22: K4 | B22: Kesehatan Jasmani dan Rohani | C22: 8 | D22: =(C22-1)*0.1 | E22: =C22*0.1 | F22: =MIN(1,(C22+1)*0.1) | G22: =(D22+E22+F22)/3 | H22: =G22/$G$25
A23: K5 | B23: Tes Wawancara | C23: 6 | D23: =(C23-1)*0.1 | E23: =C23*0.1 | F23: =MIN(1,(C23+1)*0.1) | G23: =(D23+E23+F23)/3 | H23: =G23/$G$25
A24: K6 | B24: Tes Pilihan Ganda | C24: 6 | D24: =(C24-1)*0.1 | E24: =C24*0.1 | F24: =MIN(1,(C24+1)*0.1) | G24: =(D24+E24+F24)/3 | H24: =G24/$G$25
F25: Total: | G25: =SUM(G19:G24) | H25: =SUM(H19:H24)
A27: RINGKASAN BOBOT KRITERIA
A28: Kriteria | B28: Bobot | C28: Persentase
A29: Status Keaktifan di Gugus Depan | B29: =H19 | C29: =H19*100
A30: Pencapaian SKU | B30: =H20 | C30: =H20*100
A31: Pencapaian SPG | B31: =H21 | C31: =H21*100
A32: Kesehatan Jasmani dan Rohani | B32: =H22 | C32: =H22*100
A33: Tes Wawancara | B33: =H23 | C33: =H23*100
A34: Tes Pilihan Ganda | B34: =H24 | C34: =H24*100

Sheet 2. Data Peserta
A1: DATA KEGIATAN & PESERTA
A3: DATA KEGIATAN
A4: Nama Kegiatan: | B4: Raimuna Daerah
A5: Tanggal: | B5: 25 Januari 2026
A6: Kuota Peserta: | B6: 5
A8: DAFTAR PESERTA (Input Nama di Kolom Kuning)
A9: No | B9: Nama Peserta | C9: Asal/Kwartir
A10: 1 | B10: David Kulian | C10: Merauke
A11: 2 | B11: Siti Aminah | C11: Jayapura
A12: 3 | B12: Budi Santoso | C12: Sorong
A13: 4 | B13: Dewi Lestari | C13: Manokwari
A14: 5 | B14: Ahmad Fauzi | C14: Biak
A15: 6
A16: 7
A17: 8
A18: 9
A19: 10

Sheet 3. Nilai Peserta
A1: INPUT NILAI PESERTA PER KRITERIA
A2: Masukkan nilai 0-100 untuk setiap kriteria
A4: NILAI PESERTA
A5: No | B5: Nama Peserta | C5: K1 | D5: K2 | E5: K3 | F5: K4 | G5: K5 | H5: K6
A6: 1 | B6: ='2. Data Peserta'!B10 | C6: 85 | D6: 90 | E6: 88 | F6: 92 | G6: 87 | H6: 85
A7: 2 | B7: ='2. Data Peserta'!B11 | C7: 78 | D7: 85 | E7: 82 | F7: 88 | G7: 80 | H7: 78
A8: 3 | B8: ='2. Data Peserta'!B12 | C8: 92 | D8: 88 | E8: 90 | F8: 85 | G8: 88 | H8: 90
A9: 4 | B9: ='2. Data Peserta'!B13 | C9: 80 | D9: 82 | E9: 85 | F9: 90 | G9: 82 | H9: 80
A10: 5 | B10: ='2. Data Peserta'!B14 | C10: 88 | D10: 92 | E10: 87 | F10: 80 | G10: 90 | H10: 88
A11: 6 | B11: ='2. Data Peserta'!B15 | C11: 0 | D11: 0 | E11: 0 | F11: 0 | G11: 0 | H11: 0
A12: 7 | B12: ='2. Data Peserta'!B16 | C12: 0 | D12: 0 | E12: 0 | F12: 0 | G12: 0 | H12: 0
A13: 8 | B13: ='2. Data Peserta'!B17 | C13: 0 | D13: 0 | E13: 0 | F13: 0 | G13: 0 | H13: 0
A14: 9 | B14: ='2. Data Peserta'!B18 | C14: 0 | D14: 0 | E14: 0 | F14: 0 | G14: 0 | H14: 0
A15: 10 | B15: ='2. Data Peserta'!B19 | C15: 0 | D15: 0 | E15: 0 | F15: 0 | G15: 0 | H15: 0

Sheet 4. Hasil & Ranking
A1: PERHITUNGAN SKOR AKHIR & RANKING
A2: Skor Akhir = Sum(Nilai x Bobot)
A4: BOBOT KRITERIA (dari Sheet 1)
A5: K1 | B5: K2 | C5: K3 | D5: K4 | E5: K5 | F5: K6
A6: ='1. Bobot Kriteria'!H19 | B6: ='1. Bobot Kriteria'!H20 | C6: ='1. Bobot Kriteria'!H21 | D6: ='1. Bobot Kriteria'!H22 | E6: ='1. Bobot Kriteria'!H23 | F6: ='1. Bobot Kriteria'!H24
A8: PERHITUNGAN SKOR AKHIR
A9: No | B9: Nama Peserta | C9: K1xW | D9: K2xW | E9: K3xW | F9: K4xW | G9: K5xW | H9: K6xW | I9: Skor Akhir | J9: Ranking
A10: 1 | B10: ='2. Data Peserta'!B10 | C10: ='3. Nilai Peserta'!C6*$A$6 | D10: ='3. Nilai Peserta'!D6*$B$6 | E10: ='3. Nilai Peserta'!E6*$C$6 | F10: ='3. Nilai Peserta'!F6*$D$6 | G10: ='3. Nilai Peserta'!G6*$E$6 | H10: ='3. Nilai Peserta'!H6*$F$6 | I10: =SUM(C10:H10) | J10: =IF(B10="","",RANK(I10,$I$10:$I$19,0))
A11: 2 | B11: ='2. Data Peserta'!B11 | C11: ='3. Nilai Peserta'!C7*$A$6 | D11: ='3. Nilai Peserta'!D7*$B$6 | E11: ='3. Nilai Peserta'!E7*$C$6 | F11: ='3. Nilai Peserta'!F7*$D$6 | G11: ='3. Nilai Peserta'!G7*$E$6 | H11: ='3. Nilai Peserta'!H7*$F$6 | I11: =SUM(C11:H11) | J11: =IF(B11="","",RANK(I11,$I$10:$I$19,0))
A12: 3 | B12: ='2. Data Peserta'!B12 | C12: ='3. Nilai Peserta'!C8*$A$6 | D12: ='3. Nilai Peserta'!D8*$B$6 | E12: ='3. Nilai Peserta'!E8*$C$6 | F12: ='3. Nilai Peserta'!F8*$D$6 | G12: ='3. Nilai Peserta'!G8*$E$6 | H12: ='3. Nilai Peserta'!H8*$F$6 | I12: =SUM(C12:H12) | J12: =IF(B12="","",RANK(I12,$I$10:$I$19,0))
A13: 4 | B13: ='2. Data Peserta'!B13 | C13: ='3. Nilai Peserta'!C9*$A$6 | D13: ='3. Nilai Peserta'!D9*$B$6 | E13: ='3. Nilai Peserta'!E9*$C$6 | F13: ='3. Nilai Peserta'!F9*$D$6 | G13: ='3. Nilai Peserta'!G9*$E$6 | H13: ='3. Nilai Peserta'!H9*$F$6 | I13: =SUM(C13:H13) | J13: =IF(B13="","",RANK(I13,$I$10:$I$19,0))
A14: 5 | B14: ='2. Data Peserta'!B14 | C14: ='3. Nilai Peserta'!C10*$A$6 | D14: ='3. Nilai Peserta'!D10*$B$6 | E14: ='3. Nilai Peserta'!E10*$C$6 | F14: ='3. Nilai Peserta'!F10*$D$6 | G14: ='3. Nilai Peserta'!G10*$E$6 | H14: ='3. Nilai Peserta'!H10*$F$6 | I14: =SUM(C14:H14) | J14: =IF(B14="","",RANK(I14,$I$10:$I$19,0))
A15: 6 | B15: ='2. Data Peserta'!B15 | C15: ='3. Nilai Peserta'!C11*$A$6 | D15: ='3. Nilai Peserta'!D11*$B$6 | E15: ='3. Nilai Peserta'!E11*$C$6 | F15: ='3. Nilai Peserta'!F11*$D$6 | G15: ='3. Nilai Peserta'!G11*$E$6 | H15: ='3. Nilai Peserta'!H11*$F$6 | I15: =SUM(C15:H15) | J15: =IF(B15="","",RANK(I15,$I$10:$I$19,0))
A16: 7 | B16: ='2. Data Peserta'!B16 | C16: ='3. Nilai Peserta'!C12*$A$6 | D16: ='3. Nilai Peserta'!D12*$B$6 | E16: ='3. Nilai Peserta'!E12*$C$6 | F16: ='3. Nilai Peserta'!F12*$D$6 | G16: ='3. Nilai Peserta'!G12*$E$6 | H16: ='3. Nilai Peserta'!H12*$F$6 | I16: =SUM(C16:H16) | J16: =IF(B16="","",RANK(I16,$I$10:$I$19,0))
A17: 8 | B17: ='2. Data Peserta'!B17 | C17: ='3. Nilai Peserta'!C13*$A$6 | D17: ='3. Nilai Peserta'!D13*$B$6 | E17: ='3. Nilai Peserta'!E13*$C$6 | F17: ='3. Nilai Peserta'!F13*$D$6 | G17: ='3. Nilai Peserta'!G13*$E$6 | H17: ='3. Nilai Peserta'!H13*$F$6 | I17: =SUM(C17:H17) | J17: =IF(B17="","",RANK(I17,$I$10:$I$19,0))
A18: 9 | B18: ='2. Data Peserta'!B18 | C18: ='3. Nilai Peserta'!C14*$A$6 | D18: ='3. Nilai Peserta'!D14*$B$6 | E18: ='3. Nilai Peserta'!E14*$C$6 | F18: ='3. Nilai Peserta'!F14*$D$6 | G18: ='3. Nilai Peserta'!G14*$E$6 | H18: ='3. Nilai Peserta'!H14*$F$6 | I18: =SUM(C18:H18) | J18: =IF(B18="","",RANK(I18,$I$10:$I$19,0))
A19: 10 | B19: ='2. Data Peserta'!B19 | C19: ='3. Nilai Peserta'!C15*$A$6 | D19: ='3. Nilai Peserta'!D15*$B$6 | E19: ='3. Nilai Peserta'!E15*$C$6 | F19: ='3. Nilai Peserta'!F15*$D$6 | G19: ='3. Nilai Peserta'!G15*$E$6 | H19: ='3. Nilai Peserta'!H15*$F$6 | I19: =SUM(C19:H19) | J19: =IF(B19="","",RANK(I19,$I$10:$I$19,0))
A22: HASIL RANKING FINAL
A23: Rank | B23: Nama Peserta | C23: Skor | D23: Status
A24: 1 | B24: =IFERROR(INDEX(B10:B19,MATCH(1,J10:J19,0)),"") | C24: =IFERROR(INDEX(I10:I19,MATCH(1,J10:J19,0)),"") | D24: =IF(A24<="'2. Data Peserta'!B6","LOLOS","TIDAK LOLOS")
A25: 2 | B25: =IFERROR(INDEX(B10:B19,MATCH(2,J10:J19,0)),"") | C25: =IFERROR(INDEX(I10:I19,MATCH(2,J10:J19,0)),"") | D25: =IF(A25<="'2. Data Peserta'!B6","LOLOS","TIDAK LOLOS")
A26: 3 | B26: =IFERROR(INDEX(B10:B19,MATCH(3,J10:J19,0)),"") | C26: =IFERROR(INDEX(I10:I19,MATCH(3,J10:J19,0)),"") | D26: =IF(A26<="'2. Data Peserta'!B6","LOLOS","TIDAK LOLOS")
A27: 4 | B27: =IFERROR(INDEX(B10:B19,MATCH(4,J10:J19,0)),"") | C27: =IFERROR(INDEX(I10:I19,MATCH(4,J10:J19,0)),"") | D27: =IF(A27<="'2. Data Peserta'!B6","LOLOS","TIDAK LOLOS")
A28: 5 | B28: =IFERROR(INDEX(B10:B19,MATCH(5,J10:J19,0)),"") | C28: =IFERROR(INDEX(I10:I19,MATCH(5,J10:J19,0)),"") | D28: =IF(A28<="'2. Data Peserta'!B6","LOLOS","TIDAK LOLOS")
A29: 6 | B29: =IFERROR(INDEX(B10:B19,MATCH(6,J10:J19,0)),"") | C29: =IFERROR(INDEX(I10:I19,MATCH(6,J10:J19,0)),"") | D29: =IF(A29<="'2. Data Peserta'!B6","LOLOS","TIDAK LOLOS")
A30: 7 | B30: =IFERROR(INDEX(B10:B19,MATCH(7,J10:J19,0)),"") | C30: =IFERROR(INDEX(I10:I19,MATCH(7,J10:J19,0)),"") | D30: =IF(A30<="'2. Data Peserta'!B6","LOLOS","TIDAK LOLOS")
A31: 8 | B31: =IFERROR(INDEX(B10:B19,MATCH(8,J10:J19,0)),"") | C31: =IFERROR(INDEX(I10:I19,MATCH(8,J10:J19,0)),"") | D31: =IF(A31<="'2. Data Peserta'!B6","LOLOS","TIDAK LOLOS")
A32: 9 | B32: =IFERROR(INDEX(B10:B19,MATCH(9,J10:J19,0)),"") | C32: =IFERROR(INDEX(I10:I19,MATCH(9,J10:J19,0)),"") | D32: =IF(A32<="'2. Data Peserta'!B6","LOLOS","TIDAK LOLOS")
A33: 10 | B33: =IFERROR(INDEX(B10:B19,MATCH(10,J10:J19,0)),"") | C33: =IFERROR(INDEX(I10:I19,MATCH(10,J10:J19,0)),"") | D33: =IF(A33<="'2. Data Peserta'!B6","LOLOS","TIDAK LOLOS")

Sheet 5. Referensi
A1: TABEL REFERENSI
A3: SKALA BOBOT KRITERIA (1-10)
A4: Skala | B4: Keterangan | C4: TFN (l) | D4: TFN (m) | E4: TFN (u)
A5: 1 | B5: Sangat Tidak Penting | C5: 0 | D5: 0.1 | E5: 0.2
A6: 2 | B6: Tidak Penting | C6: 0.1 | D6: 0.2 | E6: 0.3
A7: 3 | B7: Agak Tidak Penting | C7: 0.2 | D7: 0.3 | E7: 0.4
A8: 4 | B8: Sedikit Tidak Penting | C8: 0.3 | D8: 0.4 | E8: 0.5
A9: 5 | B9: Cukup Penting | C9: 0.4 | D9: 0.5 | E9: 0.6
A10: 6 | B10: Agak Penting | C10: 0.5 | D10: 0.6 | E10: 0.7
A11: 7 | B11: Penting | C11: 0.6 | D11: 0.7 | E11: 0.8
A12: 8 | B12: Sangat Penting | C12: 0.7 | D12: 0.8 | E12: 0.9
A13: 9 | B13: Amat Sangat Penting | C13: 0.8 | D13: 0.9 | E13: 1
A14: 10 | B14: Mutlak Penting | C14: 0.9 | D14: 1 | E14: 1
A16: RUMUS FUZZY AHP
A17: 1. Konversi ke TFN | B17: l = (skala-1)*0.1, m = skala*0.1, u = MIN(1,(skala+1)*0.1)
A18: 2. Defuzzifikasi | B18: D = (l + m + u) / 3 (Center of Area Method)
A19: 3. Normalisasi | B19: W = D / Sum(D)
A20: 4. Skor Akhir | B20: S = Sum(Nilai x Bobot)
A21: 5. Ranking | B21: Berdasarkan Skor Akhir (descending)
